
Attaching package: 'dplyr'

The following objects are masked from 'package:stats':

    filter, lag

The following objects are masked from 'package:base':

    intersect, setdiff, setequal, union


Attaching package: 'purrr'

The following object is masked from 'package:jsonlite':

    flatten


Attaching package: 'xml2'

The following object is masked from 'package:httr2':

    url_parse


Attaching package: 'lubridate'

The following objects are masked from 'package:base':

    date, intersect, setdiff, union


Attaching package: 'readr'

The following object is masked from 'package:rvest':

    guess_encoding

[2026-10-07 21:51:49] [INFO] Início da coleta oficial.
[2026-10-07 21:52:21] [WARN] Ambiguidade de data: '11/12/2026'
[2026-10-07 21:52:21] [WARN] Ambiguidade de data: '03/09/2026'
[2026-10-07 21:52:22] [WARN] Ambiguidade de data: '07/10/2026'
[2026-10-07 21:52:22] [WARN] Ambiguidade de data: '07/01/2027'
[2026-10-07 21:52:23] [WARN] Ambiguidade de data: '09/10/2026'
[2026-10-07 21:52:26] [WARN] Erro de rede/timeout na chamada de IA (tentativa 1/3): HTTP 429 Too Many Requests.
[2026-10-07 21:52:29] [WARN] Erro de rede/timeout na chamada de IA (tentativa 2/3): HTTP 429 Too Many Requests.
[2026-10-07 21:52:34] [WARN] Erro de rede/timeout na chamada de IA (tentativa 3/3): HTTP 429 Too Many Requests.
[2026-10-07 21:52:34] [WARN] Fallback: provedor openrouter falhou, tentando próximo
[2026-10-07 21:52:35] [WARN] Erro de rede/timeout na chamada de IA (tentativa 1/3): HTTP 429 Too Many Requests.
[2026-10-07 21:53:29] [WARN] Erro de rede/timeout na chamada de IA (tentativa 1/3): HTTP 429 Too Many Requests.
[2026-10-07 21:53:32] [WARN] Erro de rede/timeout na chamada de IA (tentativa 2/3): HTTP 429 Too Many Requests.
[2026-10-07 21:54:29] [WARN] Erro de rede/timeout na chamada de IA (tentativa 1/3): HTTP 429 Too Many Requests.
[2026-10-07 21:54:32] [WARN] Erro de rede/timeout na chamada de IA (tentativa 2/3): HTTP 429 Too Many Requests.
[2026-10-07 21:51:58] [WARN] Ambiguidade de data: '01/10/2026'
[2026-10-07 21:51:58] [WARN] Ambiguidade de data: '06/10/2026'
[2026-10-07 21:51:58] [WARN] Ambiguidade de data: '03/11/2026'
[2026-10-07 21:51:58] [WARN] Ambiguidade de data: '06/11/2026'
[2026-10-07 21:51:58] [WARN] Ambiguidade de data: '09/11/2026'
[2026-10-07 21:51:58] [WARN] Ambiguidade de data: '10/11/2026'
[2026-10-07 21:51:58] [WARN] Ambiguidade de data: '07/12/2026'
[2026-10-07 21:51:58] [WARN] Ambiguidade de data: '10/12/2026'
[2026-10-07 21:51:58] [WARN] Ambiguidade de data: '11/12/2027'
[2026-10-07 21:51:58] [WARN] Ambiguidade de data: '01/10/2026'
[2026-10-07 21:51:58] [WARN] Ambiguidade de data: '06/10/2026'
[2026-10-07 21:51:58] [WARN] Ambiguidade de data: '03/11/2026'
[2026-10-07 21:51:58] [WARN] Ambiguidade de data: '06/11/2026'
[2026-10-07 21:51:58] [WARN] Ambiguidade de data: '11/12/2027'
[2026-10-07 21:51:58] [WARN] Ambiguidade de data: '06/11/20'
[2026-10-07 21:52:02] [WARN] Ambiguidade de data: '04/10/2026'
[2026-10-07 21:52:02] [WARN] Ambiguidade de data: '02/10/2026'
[2026-10-07 21:52:02] [WARN] Ambiguidade de data: '06/10/2026'
[2026-10-07 21:52:02] [WARN] Ambiguidade de data: '08/10/2026'
[2026-10-07 21:52:02] [WARN] Ambiguidade de data: '04/11/2026'
[2026-10-07 21:52:02] [WARN] Ambiguidade de data: '08/11/2026'
[2026-10-07 21:52:02] [WARN] Ambiguidade de data: '10/06/2027'
[2026-10-07 21:52:02] [WARN] Ambiguidade de data: '10/06/2027'
[2026-10-07 21:52:02] [WARN] Ambiguidade de data: '04/10/2026'
[2026-10-07 21:52:13] [WARN] Ambiguidade de data: '02/01/2019'
[2026-10-07 21:52:18] [WARN] Ambiguidade de data: '04/09/2026'
[2026-10-07 21:52:23] [WARN] Ambiguidade de data: '10/09/2026'
[2026-10-07 21:52:23] [WARN] Ambiguidade de data: '09/10/2026'
[2026-10-07 21:52:23] [WARN] Ambiguidade de data: '04/12/2026'
[2026-10-07 21:52:23] [WARN] Ambiguidade de data: '08/01/2027'
[2026-10-07 21:52:24] [WARN] Ambiguidade de data: '10/09/2026'
[2026-10-07 21:52:33] [WARN] Ambiguidade de data: '12/08/2026'
[2026-10-07 21:52:35] [WARN] Ambiguidade de data: '04/08/2026'
[2026-10-07 21:52:35] [WARN] Ambiguidade de data: '06/08/2026'
[2026-10-07 21:52:37] [WARN] Ambiguidade de data: '04/08/2026'
[2026-10-07 21:53:28] [WARN] Erro de rede/timeout na chamada de IA (tentativa 1/3): HTTP 429 Too Many Requests.
[2026-10-07 21:53:31] [WARN] Erro de rede/timeout na chamada de IA (tentativa 2/3): HTTP 429 Too Many Requests.
[2026-10-07 21:53:35] [WARN] Erro de rede/timeout na chamada de IA (tentativa 3/3): HTTP 429 Too Many Requests.
[2026-10-07 21:53:36] [WARN] Fallback: provedor openrouter falhou, tentando próximo
[2026-10-07 21:53:36] [WARN] Erro de rede/timeout na chamada de IA (tentativa 1/3): HTTP 429 Too Many Requests.
[2026-10-07 21:54:31] [WARN] Erro de rede/timeout na chamada de IA (tentativa 1/3): HTTP 429 Too Many Requests.
[2026-10-07 21:54:34] [WARN] Erro de rede/timeout na chamada de IA (tentativa 2/3): HTTP 429 Too Many Requests.
[2026-10-07 21:56:45] [WARN] Erro de rede/timeout na chamada de IA (tentativa 1/3): Failed to perform HTTP request.
[2026-10-07 21:57:33] [WARN] Erro de rede/timeout na chamada de IA (tentativa 2/3): Failed to perform HTTP request.
[2026-10-07 21:57:38] [WARN] Erro de rede/timeout na chamada de IA (tentativa 3/3): HTTP 429 Too Many Requests.
[2026-10-07 21:57:38] [WARN] Fallback: provedor openrouter falhou, tentando próximo
[2026-10-07 21:58:23] [WARN] Erro de rede/timeout na chamada de IA (tentativa 1/3): Failed to perform HTTP request.
[2026-10-07 21:59:38] [WARN] Erro de rede/timeout na chamada de IA (tentativa 1/3): Failed to perform HTTP request.
[2026-10-07 22:00:20] [WARN] Erro de rede/timeout na chamada de IA (tentativa 1/3): HTTP 429 Too Many Requests.
[2026-10-07 22:00:22] [WARN] Erro de rede/timeout na chamada de IA (tentativa 2/3): HTTP 429 Too Many Requests.
[2026-10-07 22:00:28] [WARN] Erro de rede/timeout na chamada de IA (tentativa 3/3): HTTP 429 Too Many Requests.
[2026-10-07 22:00:28] [WARN] Fallback: provedor openrouter falhou, tentando próximo
[2026-10-07 22:00:29] [WARN] Erro de rede/timeout na chamada de IA (tentativa 1/3): HTTP 429 Too Many Requests.
[2026-10-07 22:00:32] [WARN] Erro de rede/timeout na chamada de IA (tentativa 2/3): HTTP 429 Too Many Requests.
[2026-10-07 22:00:37] [WARN] Erro de rede/timeout na chamada de IA (tentativa 3/3): HTTP 429 Too Many Requests.
[2026-10-07 22:00:37] [WARN] Fallback: provedor openrouter falhou, tentando próximo
[2026-10-07 22:00:38] [WARN] Erro de rede/timeout na chamada de IA (tentativa 1/3): HTTP 429 Too Many Requests.
[2026-10-07 22:01:16] [WARN] Erro de rede/timeout na chamada de IA (tentativa 1/3): HTTP 429 Too Many Requests.
[2026-10-07 22:01:20] [WARN] Erro de rede/timeout na chamada de IA (tentativa 2/3): HTTP 429 Too Many Requests.
[2026-10-07 22:01:26] [WARN] Erro de rede/timeout na chamada de IA (tentativa 3/3): HTTP 429 Too Many Requests.
[2026-10-07 22:01:26] [WARN] Fallback: provedor openrouter falhou, tentando próximo
[2026-10-07 22:01:27] [WARN] Erro de rede/timeout na chamada de IA (tentativa 1/3): HTTP 429 Too Many Requests.
[2026-10-07 22:01:30] [WARN] Erro de rede/timeout na chamada de IA (tentativa 2/3): HTTP 429 Too Many Requests.
[2026-10-07 22:01:35] [WARN] Erro de rede/timeout na chamada de IA (tentativa 3/3): HTTP 429 Too Many Requests.
[2026-10-07 22:01:35] [WARN] Fallback: provedor openrouter falhou, tentando próximo
[2026-10-07 22:01:36] [WARN] Erro de rede/timeout na chamada de IA (tentativa 1/3): HTTP 429 Too Many Requests.
[2026-10-07 22:01:39] [WARN] Erro de rede/timeout na chamada de IA (tentativa 2/3): HTTP 429 Too Many Requests.
[2026-10-07 22:02:17] [WARN] Erro de rede/timeout na chamada de IA (tentativa 1/3): HTTP 429 Too Many Requests.
[2026-10-07 22:02:19] [WARN] Erro de rede/timeout na chamada de IA (tentativa 2/3): HTTP 429 Too Many Requests.
[2026-10-07 22:02:25] [WARN] Erro de rede/timeout na chamada de IA (tentativa 3/3): HTTP 429 Too Many Requests.
[2026-10-07 22:02:25] [WARN] Fallback: provedor openrouter falhou, tentando próximo
[2026-10-07 22:02:25] [WARN] Erro de rede/timeout na chamada de IA (tentativa 1/3): HTTP 429 Too Many Requests.
[2026-10-07 22:02:28] [WARN] Erro de rede/timeout na chamada de IA (tentativa 2/3): HTTP 429 Too Many Requests.
[2026-10-07 22:02:34] [WARN] Erro de rede/timeout na chamada de IA (tentativa 3/3): HTTP 429 Too Many Requests.
[2026-10-07 22:02:34] [WARN] Fallback: provedor openrouter falhou, tentando próximo
[2026-10-07 22:02:34] [WARN] Erro de rede/timeout na chamada de IA (tentativa 1/3): HTTP 429 Too Many Requests.
[2026-10-07 22:02:37] [WARN] Erro de rede/timeout na chamada de IA (tentativa 2/3): HTTP 429 Too Many Requests.
[2026-10-07 22:03:35] [WARN] Erro de rede/timeout na chamada de IA (tentativa 1/3): HTTP 429 Too Many Requests.
[2026-10-07 22:03:38] [WARN] Erro de rede/timeout na chamada de IA (tentativa 2/3): HTTP 429 Too Many Requests.
[2026-10-07 22:04:28] [WARN] Erro de rede/timeout na chamada de IA (tentativa 3/3): Failed to perform HTTP request.
[2026-10-07 22:04:28] [WARN] Fallback: provedor openrouter falhou, tentando próximo
[2026-10-07 22:04:29] [WARN] Erro de rede/timeout na chamada de IA (tentativa 1/3): HTTP 429 Too Many Requests.
[2026-10-07 22:04:32] [WARN] Erro de rede/timeout na chamada de IA (tentativa 2/3): HTTP 429 Too Many Requests.
[2026-10-07 22:04:38] [WARN] Erro de rede/timeout na chamada de IA (tentativa 3/3): HTTP 429 Too Many Requests.
[2026-10-07 22:04:38] [WARN] Fallback: provedor openrouter falhou, tentando próximo
[2026-10-07 21:51:52] [INFO] Iniciando coleta FINEP via API REST...
[FINEP][INFO] Iniciando coleta FINEP via API REST...
[2026-10-07 21:51:52] [INFO] Buscando página 1: https://www.finep.gov.br/o/c/chamadapublicas?sort=dataDePublicacao:desc&page=1&pageSize=250
[FINEP][INFO] Buscando página 1: https://www.finep.gov.br/o/c/chamadapublicas?sort=dataDePublicacao:desc&page=1&pageSize=250
[2026-10-07 21:51:54] [INFO] Total de registros: 478
[FINEP][INFO] Total de registros: 478
[2026-10-07 21:51:54] [INFO] Página 1: 250 itens total, 34 filtrados (Aberta)
[FINEP][INFO] Página 1: 250 itens total, 34 filtrados (Aberta)
[2026-10-07 21:51:54] [INFO] Buscando página 2: https://www.finep.gov.br/o/c/chamadapublicas?sort=dataDePublicacao:desc&page=2&pageSize=250
[FINEP][INFO] Buscando página 2: https://www.finep.gov.br/o/c/chamadapublicas?sort=dataDePublicacao:desc&page=2&pageSize=250
[2026-10-07 21:51:55] [INFO] Página 2: 228 itens total, 0 filtrados (Aberta)
[FINEP][INFO] Página 2: 228 itens total, 0 filtrados (Aberta)
[2026-10-07 21:51:55] [INFO] Total de itens coletados (Aberta): 34
[FINEP][INFO] Total de itens coletados (Aberta): 34
[2026-10-07 21:51:58] [INFO] FINEP: 34 registros finais coletados
[FINEP][INFO] FINEP: 34 registros finais coletados
[2026-10-07 21:52:33] [WARN] Erro de rede/timeout na chamada de IA (tentativa 1/3): HTTP 429 Too Many Requests.
[2026-10-07 21:52:36] [WARN] Erro de rede/timeout na chamada de IA (tentativa 2/3): HTTP 429 Too Many Requests.
[2026-10-07 21:53:28] [WARN] Erro de rede/timeout na chamada de IA (tentativa 1/3): HTTP 429 Too Many Requests.
[2026-10-07 21:53:31] [WARN] Erro de rede/timeout na chamada de IA (tentativa 2/3): HTTP 429 Too Many Requests.
[2026-10-07 21:53:36] [WARN] Erro de rede/timeout na chamada de IA (tentativa 3/3): HTTP 429 Too Many Requests.
[2026-10-07 21:53:36] [WARN] Fallback: provedor openrouter falhou, tentando próximo
[2026-10-07 21:53:37] [WARN] Erro de rede/timeout na chamada de IA (tentativa 1/3): HTTP 429 Too Many Requests.
[2026-10-07 21:54:29] [WARN] Erro de rede/timeout na chamada de IA (tentativa 1/3): HTTP 429 Too Many Requests.
[2026-10-07 21:54:32] [WARN] Erro de rede/timeout na chamada de IA (tentativa 2/3): HTTP 429 Too Many Requests.
[2026-10-07 21:55:33] [WARN] Erro de rede/timeout na chamada de IA (tentativa 1/3): HTTP 429 Too Many Requests.
[2026-10-07 21:55:36] [WARN] Erro de rede/timeout na chamada de IA (tentativa 2/3): HTTP 429 Too Many Requests.
[2026-10-07 21:55:42] [WARN] Erro de rede/timeout na chamada de IA (tentativa 3/3): HTTP 429 Too Many Requests.
[2026-10-07 21:55:42] [WARN] Fallback: provedor openrouter falhou, tentando próximo
[2026-10-07 21:56:47] [WARN] Erro de rede/timeout na chamada de IA (tentativa 1/3): HTTP 429 Too Many Requests.
[2026-10-07 21:57:35] [WARN] Erro de rede/timeout na chamada de IA (tentativa 2/3): Failed to perform HTTP request.
[2026-10-07 21:58:37] [WARN] Erro de rede/timeout na chamada de IA (tentativa 1/3): HTTP 429 Too Many Requests.
[2026-10-07 21:58:41] [WARN] Erro de rede/timeout na chamada de IA (tentativa 2/3): HTTP 429 Too Many Requests.
[2026-10-07 21:59:25] [WARN] Erro de rede/timeout na chamada de IA (tentativa 1/3): HTTP 429 Too Many Requests.
[2026-10-07 21:59:28] [WARN] Erro de rede/timeout na chamada de IA (tentativa 2/3): HTTP 429 Too Many Requests.
[2026-10-07 21:59:33] [WARN] Erro de rede/timeout na chamada de IA (tentativa 3/3): HTTP 429 Too Many Requests.
[2026-10-07 21:59:33] [WARN] Fallback: provedor openrouter falhou, tentando próximo
[2026-10-07 21:59:35] [WARN] Erro de rede/timeout na chamada de IA (tentativa 1/3): HTTP 429 Too Many Requests.
[2026-10-07 21:59:38] [WARN] Erro de rede/timeout na chamada de IA (tentativa 2/3): HTTP 429 Too Many Requests.
[2026-10-07 22:00:15] [WARN] Erro de rede/timeout na chamada de IA (tentativa 1/3): HTTP 429 Too Many Requests.
[2026-10-07 22:00:19] [WARN] Erro de rede/timeout na chamada de IA (tentativa 2/3): HTTP 429 Too Many Requests.
[2026-10-07 22:00:24] [WARN] Erro de rede/timeout na chamada de IA (tentativa 3/3): HTTP 429 Too Many Requests.
[2026-10-07 22:00:24] [WARN] Fallback: provedor openrouter falhou, tentando próximo
[2026-10-07 22:00:24] [WARN] Erro de rede/timeout na chamada de IA (tentativa 1/3): HTTP 429 Too Many Requests.
[2026-10-07 22:00:27] [WARN] Erro de rede/timeout na chamada de IA (tentativa 2/3): HTTP 429 Too Many Requests.
[2026-10-07 22:00:32] [WARN] Erro de rede/timeout na chamada de IA (tentativa 3/3): HTTP 429 Too Many Requests.
[2026-10-07 22:00:32] [WARN] Fallback: provedor openrouter falhou, tentando próximo
[2026-10-07 22:00:32] [WARN] Erro de rede/timeout na chamada de IA (tentativa 1/3): HTTP 429 Too Many Requests.
[2026-10-07 22:00:35] [WARN] Erro de rede/timeout na chamada de IA (tentativa 2/3): HTTP 429 Too Many Requests.
[2026-10-07 22:00:41] [WARN] Erro de rede/timeout na chamada de IA (tentativa 3/3): HTTP 429 Too Many Requests.
[2026-10-07 22:00:41] [WARN] Fallback: provedor openrouter falhou, tentando próximo
[2026-10-07 21:51:53] [INFO] Coletando FAPESB via categoria (ano=2026, status=Abertos)...
[FAPESB][INFO] Coletando FAPESB via categoria (ano=2026, status=Abertos)...
[2026-10-07 21:52:01] [INFO] FAPESB: 16 editais abertos em 2026
[FAPESB][INFO] FAPESB: 16 editais abertos em 2026
[2026-10-07 21:52:01] [INFO] [1/16] DIRETRIZES ESPECÍFICAS DA FAPESB – CHAMADA BIODIVERSA + “BIODIVFUTURE 
[FAPESB][INFO] [1/16] DIRETRIZES ESPECÍFICAS DA FAPESB – CHAMADA BIODIVERSA + “BIODIVFUTURE 
[2026-10-07 21:52:07] [WARN] Ambiguidade de data: '06/09/2026'
[2026-10-07 21:52:08] [WARN] Ambiguidade de data: '06/09/2026'
[2026-10-07 21:52:08] [INFO] FAPESB prazo extraido via PDF: 2028-04-01 (https://www.fapesb.ba.gov.br/wp-content/uploads/2019/08/DIRETRIZES___COOPINTER___BIODIVERSA_V1.pdf)
[2026-10-07 21:52:09] [INFO] [2/16] DIRETRIZES ESPECÍFICAS DA FAPESB – CHAMADA TRANSNACIONAL CONJUNTA WATE
[FAPESB][INFO] [2/16] DIRETRIZES ESPECÍFICAS DA FAPESB – CHAMADA TRANSNACIONAL CONJUNTA WATE
[2026-10-07 21:52:16] [INFO] FAPESB prazo extraido via PDF: 2027-04-06 (https://www.fapesb.ba.gov.br/wp-content/uploads/2019/08/DIRETRIZES___COOPINTER___WATER4ALL_VF__1_-1-1.pdf)
[2026-10-07 21:52:17] [INFO] [3/16] DIRETRIZES ESPECÍFICAS DA FAPESB – 1ª CHAMADA DA PARCERIA DE MATÉRIAS-
[FAPESB][INFO] [3/16] DIRETRIZES ESPECÍFICAS DA FAPESB – 1ª CHAMADA DA PARCERIA DE MATÉRIAS-
[2026-10-07 21:52:24] [INFO] FAPESB prazo extraido via PDF: 2027-05-15 (https://www.fapesb.ba.gov.br/wp-content/uploads/2019/08/DIRETRIZES_COOPINTER_RAMP_2026.pdf)
[2026-10-07 21:52:25] [INFO] [4/16] CHAMADA CDTI ESPANHA (2026-2027) – DIRETRIZES ESPECÍFICAS DA FAPESB -
[FAPESB][INFO] [4/16] CHAMADA CDTI ESPANHA (2026-2027) – DIRETRIZES ESPECÍFICAS DA FAPESB -
[2026-10-07 21:52:32] [WARN] Ambiguidade de data: '08/10/2026'
[2026-10-07 21:52:32] [INFO] FAPESB prazo extraido via regex: 2026-10-08
[2026-10-07 21:52:33] [INFO] [5/16] CHAMADA GCUB – MOB Nº 2026/2027 – PROGRAMA DE MOBILIDADE INTERNACIONAL
[FAPESB][INFO] [5/16] CHAMADA GCUB – MOB Nº 2026/2027 – PROGRAMA DE MOBILIDADE INTERNACIONAL
[2026-10-07 21:52:41] [INFO] FAPESB prazo extraido via PDF: 2026-07-13 (https://www.fapesb.ba.gov.br/wp-content/uploads/2019/08/MINUTA_DIRETRIZES___GCUB_2026.2027.pdf)
[2026-10-07 21:52:41] [INFO] [6/16] CHAMADA 2026- PROGRAMA DE AUXILIO PARA DOUTORANDOS COM BOLSA NACIONAL 
[FAPESB][INFO] [6/16] CHAMADA 2026- PROGRAMA DE AUXILIO PARA DOUTORANDOS COM BOLSA NACIONAL 
[2026-10-07 21:52:48] [WARN] Ambiguidade de data: '03/09/2026'
[2026-10-07 21:52:49] [INFO] FAPESB prazo extraido via PDF: 2026-09-03 (https://www.fapesb.ba.gov.br/wp-content/uploads/2019/08/CONFAP-Conselho-Nacional-dChamada-DAAD-Programa-de-Auxilio-para-Doutorando-2026.pdf)
[2026-10-07 21:52:49] [INFO] [7/16] EDITAL FAPESB No 018/2026 – APOIO À PUBLICAÇÃO CIENTÍFICA, TECNOLÓGICA
[FAPESB][INFO] [7/16] EDITAL FAPESB No 018/2026 – APOIO À PUBLICAÇÃO CIENTÍFICA, TECNOLÓGICA
[2026-10-07 21:52:58] [WARN] Ambiguidade de data: '03/07/26'
[2026-10-07 21:52:58] [WARN] Ambiguidade de data: '20/07/26'
[2026-10-07 21:52:58] [WARN] Ambiguidade de data: '08/10/26'
[2026-10-07 21:52:58] [WARN] Ambiguidade de data: '16/10/26'
[2026-10-07 21:52:58] [WARN] Ambiguidade de data: '19/10/26'
[2026-10-07 21:52:58] [WARN] Ambiguidade de data: '04/11/26'
[2026-10-07 21:52:58] [WARN] Ambiguidade de data: '09/11/26'
[2026-10-07 21:52:58] [INFO] FAPESB prazo extraido via PDF: 2026-10-26 (https://www.fapesb.ba.gov.br/wp-content/uploads/2019/08/EDITAL_Publi_Livro_2027-VFinal.docx.pdf)
[2026-10-07 21:52:58] [INFO] [8/16] EDITAL DE SELEÇÃO PÚBLICA Nº 017/ 2026 Subvenção Econômica à Pesquisa,
[FAPESB][INFO] [8/16] EDITAL DE SELEÇÃO PÚBLICA Nº 017/ 2026 Subvenção Econômica à Pesquisa,
[2026-10-07 21:53:05] [WARN] Ambiguidade de data: '06.02.2009'
[2026-10-07 21:53:06] [INFO] [9/16] EDITAL Nº 019/2026 – CIÊNCIA NA MESA 5: BASE DE DADOS E SISTEMAS DE IN
[FAPESB][INFO] [9/16] EDITAL Nº 019/2026 – CIÊNCIA NA MESA 5: BASE DE DADOS E SISTEMAS DE IN
[2026-10-07 21:53:15] [INFO] [10/16] EDITAL FAPESB/SECTI – Nº 010/2026 – UNIVERSAL -
[FAPESB][INFO] [10/16] EDITAL FAPESB/SECTI – Nº 010/2026 – UNIVERSAL -
[2026-10-07 21:53:21] [WARN] Ambiguidade de data: '03/07/2026'
[2026-10-07 21:53:21] [WARN] Ambiguidade de data: '03/09/2026'
[2026-10-07 21:53:21] [WARN] Ambiguidade de data: '04/09/2026'
[2026-10-07 21:53:21] [WARN] Ambiguidade de data: '05/04/2027'
[2026-10-07 21:53:21] [WARN] Ambiguidade de data: '06/05/2027'
[2026-10-07 21:53:21] [WARN] Ambiguidade de data: '10/11/2023'
[2026-10-07 21:53:21] [INFO] FAPESB prazo extraido via PDF: 2027-05-06 (https://www.fapesb.ba.gov.br/wp-content/uploads/2019/08/Edital-Universal-010-2026_VF.pdf)
[2026-10-07 21:53:22] [INFO] [11/16] DIRETRIZES ESPECÍFICAS DA FAPESB – CHAMADA MOBILITY CONFAP ITALY 2026 
[FAPESB][INFO] [11/16] DIRETRIZES ESPECÍFICAS DA FAPESB – CHAMADA MOBILITY CONFAP ITALY 2026 
[2026-10-07 21:53:29] [WARN] Ambiguidade de data: '08/09/2026'
[2026-10-07 21:53:30] [WARN] Ambiguidade de data: '10/06/2026'
[2026-10-07 21:53:30] [WARN] Ambiguidade de data: '04/09/2026'
[2026-10-07 21:53:30] [INFO] FAPESB prazo extraido via PDF: 2026-11-15 (https://www.fapesb.ba.gov.br/wp-content/uploads/2019/08/DIRETRIZES__MCI_VF.pdf)
[2026-10-07 21:53:31] [INFO] [12/16] Edital 009/2026 – Apoio a Organização de Eventos -
[FAPESB][INFO] [12/16] Edital 009/2026 – Apoio a Organização de Eventos -
[2026-10-07 21:53:38] [WARN] Ambiguidade de data: '03/06/2026'
[2026-10-07 21:53:38] [WARN] Ambiguidade de data: '09/06/2026'
[2026-10-07 21:53:38] [INFO] FAPESB prazo extraido via PDF: 2026-08-30 (https://www.fapesb.ba.gov.br/wp-content/uploads/2019/08/EDITAL-FAPESB-09.26-VFinal.pdf)
[2026-10-07 21:53:38] [INFO] [13/16] EDITAL FAPESB N° 05/2026 MOVE 2026 – PARTICIPAÇÃO DE PESQUISADORES EM 
[FAPESB][INFO] [13/16] EDITAL FAPESB N° 05/2026 MOVE 2026 – PARTICIPAÇÃO DE PESQUISADORES EM 
[2026-10-07 21:53:45] [WARN] Ambiguidade de data: '10/03/2026'
[2026-10-07 21:53:45] [WARN] Ambiguidade de data: '08 de maio 2026'
[2026-10-07 21:53:45] [INFO] FAPESB prazo extraido via PDF: 2026-05-08 (https://www.fapesb.ba.gov.br/wp-content/uploads/2019/08/Edital-Move-05.2026.pdf)
[2026-10-07 21:53:46] [INFO] [14/16] Chamada Fundação de Amparo à Pesquisa da Bahia/SECTI/SEMA/FGB nº 01/20
[FAPESB][INFO] [14/16] Chamada Fundação de Amparo à Pesquisa da Bahia/SECTI/SEMA/FGB nº 01/20
[2026-10-07 21:53:56] [WARN] Ambiguidade de data: '10/04/2026'
[2026-10-07 21:53:56] [WARN] Ambiguidade de data: '01/07/2026'
[2026-10-07 21:53:56] [INFO] FAPESB prazo extraido via PDF: 2026-07-01 (https://www.fapesb.ba.gov.br/wp-content/uploads/2019/08/Edital_FGB.pdf)
[2026-10-07 21:53:57] [INFO] [15/16] EDITAL FAPESB/SECTI/IEL nº 004/2026 – Chamada Estratégica FAPESB/SECTI
[FAPESB][INFO] [15/16] EDITAL FAPESB/SECTI/IEL nº 004/2026 – Chamada Estratégica FAPESB/SECTI
[2026-10-07 21:54:05] [WARN] Ambiguidade de data: '04/03/2026'
[2026-10-07 21:54:05] [WARN] Ambiguidade de data: '09/06/2026'
[2026-10-07 21:54:05] [WARN] Ambiguidade de data: '10/06/2026'
[2026-10-07 21:54:05] [WARN] Ambiguidade de data: '12/06/2026'
[2026-10-07 21:54:05] [WARN] Ambiguidade de data: '03/07/2026'
[2026-10-07 21:54:05] [WARN] Ambiguidade de data: '10/07/2026'
[2026-10-07 21:54:05] [WARN] Ambiguidade de data: '02/12/2004'
[2026-10-07 21:54:05] [WARN] Ambiguidade de data: '11/10/2005'
[2026-10-07 21:54:05] [INFO] FAPESB prazo extraido via PDF: 2026-07-17 (https://www.fapesb.ba.gov.br/wp-content/uploads/2019/08/Edital_IEL_2026.pdf)
[2026-10-07 21:54:06] [INFO] [16/16] EDITAL FAPESB/SECTI nº 003/2026 – Apoio a Pesquisas e Inovações para a
[FAPESB][INFO] [16/16] EDITAL FAPESB/SECTI nº 003/2026 – Apoio a Pesquisas e Inovações para a
[2026-10-07 21:54:13] [INFO] FAPESB: 16 registros finais coletados
[FAPESB][INFO] FAPESB: 16 registros finais coletados
[2026-10-07 21:54:33] [WARN] Erro de rede/timeout na chamada de IA (tentativa 1/3): HTTP 429 Too Many Requests.
[2026-10-07 21:54:37] [WARN] Erro de rede/timeout na chamada de IA (tentativa 2/3): HTTP 429 Too Many Requests.
[2026-10-07 21:55:38] [WARN] Erro de rede/timeout na chamada de IA (tentativa 1/3): HTTP 429 Too Many Requests.
[2026-10-07 21:57:30] [WARN] Erro de rede/timeout na chamada de IA (tentativa 1/3): Failed to perform HTTP request.
[2026-10-07 21:57:34] [WARN] Erro de rede/timeout na chamada de IA (tentativa 2/3): HTTP 429 Too Many Requests.
[2026-10-07 21:58:37] [WARN] Erro de rede/timeout na chamada de IA (tentativa 1/3): HTTP 429 Too Many Requests.
[2026-10-07 21:58:40] [WARN] Erro de rede/timeout na chamada de IA (tentativa 2/3): HTTP 429 Too Many Requests.
[2026-10-07 22:00:20] [WARN] Erro de rede/timeout na chamada de IA (tentativa 1/3): HTTP 429 Too Many Requests.
[2026-10-07 22:00:23] [WARN] Erro de rede/timeout na chamada de IA (tentativa 2/3): HTTP 429 Too Many Requests.
[2026-10-07 22:00:28] [WARN] Erro de rede/timeout na chamada de IA (tentativa 3/3): HTTP 429 Too Many Requests.
[2026-10-07 22:00:28] [WARN] Fallback: provedor openrouter falhou, tentando próximo
[2026-10-07 22:00:29] [WARN] Erro de rede/timeout na chamada de IA (tentativa 1/3): HTTP 429 Too Many Requests.
[2026-10-07 22:00:31] [WARN] Erro de rede/timeout na chamada de IA (tentativa 2/3): HTTP 429 Too Many Requests.
[2026-10-07 22:00:37] [WARN] Erro de rede/timeout na chamada de IA (tentativa 3/3): HTTP 429 Too Many Requests.
[2026-10-07 22:00:37] [WARN] Fallback: provedor openrouter falhou, tentando próximo
[2026-10-07 22:00:37] [WARN] Erro de rede/timeout na chamada de IA (tentativa 1/3): HTTP 429 Too Many Requests.
[2026-10-07 22:00:41] [WARN] Erro de rede/timeout na chamada de IA (tentativa 2/3): HTTP 429 Too Many Requests.
[2026-10-07 22:01:18] [WARN] Erro de rede/timeout na chamada de IA (tentativa 1/3): HTTP 429 Too Many Requests.
[2026-10-07 22:01:21] [WARN] Erro de rede/timeout na chamada de IA (tentativa 2/3): HTTP 429 Too Many Requests.
[2026-10-07 22:01:27] [WARN] Erro de rede/timeout na chamada de IA (tentativa 3/3): HTTP 429 Too Many Requests.
[2026-10-07 22:01:27] [WARN] Fallback: provedor openrouter falhou, tentando próximo
[2026-10-07 22:01:27] [WARN] Erro de rede/timeout na chamada de IA (tentativa 1/3): HTTP 429 Too Many Requests.
[2026-10-07 22:01:31] [WARN] Erro de rede/timeout na chamada de IA (tentativa 2/3): HTTP 429 Too Many Requests.
[2026-10-07 22:01:36] [WARN] Erro de rede/timeout na chamada de IA (tentativa 3/3): HTTP 429 Too Many Requests.
[2026-10-07 22:01:36] [WARN] Fallback: provedor openrouter falhou, tentando próximo
[2026-10-07 22:01:38] [WARN] Erro de rede/timeout na chamada de IA (tentativa 1/3): HTTP 429 Too Many Requests.
[2026-10-07 22:02:20] [WARN] Erro de rede/timeout na chamada de IA (tentativa 1/3): HTTP 429 Too Many Requests.
[2026-10-07 22:02:24] [WARN] Erro de rede/timeout na chamada de IA (tentativa 2/3): HTTP 429 Too Many Requests.
[2026-10-07 22:02:29] [WARN] Erro de rede/timeout na chamada de IA (tentativa 3/3): HTTP 429 Too Many Requests.
[2026-10-07 22:02:29] [WARN] Fallback: provedor openrouter falhou, tentando próximo
[2026-10-07 22:02:30] [WARN] Erro de rede/timeout na chamada de IA (tentativa 1/3): HTTP 429 Too Many Requests.
[2026-10-07 22:02:33] [WARN] Erro de rede/timeout na chamada de IA (tentativa 2/3): HTTP 429 Too Many Requests.
[2026-10-07 22:02:38] [WARN] Erro de rede/timeout na chamada de IA (tentativa 3/3): HTTP 429 Too Many Requests.
[2026-10-07 22:02:38] [WARN] Fallback: provedor openrouter falhou, tentando próximo
[2026-10-07 22:04:02] [WARN] Erro de rede/timeout na chamada de IA (tentativa 1/3): Failed to perform HTTP request.
[2026-10-07 22:04:49] [WARN] Erro de rede/timeout na chamada de IA (tentativa 2/3): Failed to perform HTTP request.
[2026-10-07 22:05:39] [WARN] Erro de rede/timeout na chamada de IA (tentativa 3/3): Failed to perform HTTP request.
[2026-10-07 22:05:39] [WARN] Fallback: provedor openrouter falhou, tentando próximo
[2026-10-07 22:05:39] [WARN] Erro de rede/timeout na chamada de IA (tentativa 1/3): HTTP 429 Too Many Requests.
[2026-10-07 22:06:13] [WARN] Erro de rede/timeout na chamada de IA (tentativa 1/3): HTTP 429 Too Many Requests.
[2026-10-07 22:06:36] [WARN] Erro de rede/timeout na chamada de IA (tentativa 1/3): HTTP 429 Too Many Requests.
[2026-10-07 22:06:38] [WARN] Erro de rede/timeout na chamada de IA (tentativa 2/3): HTTP 429 Too Many Requests.
[2026-10-07 22:07:21] [WARN] Erro de rede/timeout na chamada de IA (tentativa 1/3): HTTP 429 Too Many Requests.
[2026-10-07 22:07:24] [WARN] Erro de rede/timeout na chamada de IA (tentativa 2/3): HTTP 429 Too Many Requests.
[2026-10-07 22:07:29] [WARN] Erro de rede/timeout na chamada de IA (tentativa 3/3): HTTP 429 Too Many Requests.
[2026-10-07 22:07:29] [WARN] Fallback: provedor openrouter falhou, tentando próximo
[2026-10-07 22:07:29] [WARN] Erro de rede/timeout na chamada de IA (tentativa 1/3): HTTP 429 Too Many Requests.
[2026-10-07 22:07:33] [WARN] Erro de rede/timeout na chamada de IA (tentativa 2/3): HTTP 429 Too Many Requests.
[2026-10-07 22:07:38] [WARN] Erro de rede/timeout na chamada de IA (tentativa 3/3): HTTP 429 Too Many Requests.
[2026-10-07 22:07:38] [WARN] Fallback: provedor openrouter falhou, tentando próximo
[2026-10-07 21:55:27] [INFO] Iniciando coleta Horizon Europe via API REST...
[HEU][INFO] Iniciando coleta Horizon Europe via API REST...
[2026-10-07 21:55:27] [INFO] Buscando termo: HORIZON-EIC-2026-PRIZE
[HEU][INFO] Buscando termo: HORIZON-EIC-2026-PRIZE
[2026-10-07 21:55:33] [INFO] Termo 'HORIZON-EIC-2026-PRIZE': 100 resultados brutos
[HEU][INFO] Termo 'HORIZON-EIC-2026-PRIZE': 100 resultados brutos
[2026-10-07 21:55:33] [INFO] Termo 'HORIZON-EIC-2026-PRIZE': 4 itens HEU acumulados (brutos)
[HEU][INFO] Termo 'HORIZON-EIC-2026-PRIZE': 4 itens HEU acumulados (brutos)
[2026-10-07 21:55:34] [INFO] Buscando termo: HORIZON-EIC-2026-ACCELERATOR
[HEU][INFO] Buscando termo: HORIZON-EIC-2026-ACCELERATOR
[2026-10-07 21:55:37] [INFO] Termo 'HORIZON-EIC-2026-ACCELERATOR': 100 resultados brutos
[HEU][INFO] Termo 'HORIZON-EIC-2026-ACCELERATOR': 100 resultados brutos
[2026-10-07 21:55:37] [INFO] Termo 'HORIZON-EIC-2026-ACCELERATOR': 36 itens HEU acumulados (brutos)
[HEU][INFO] Termo 'HORIZON-EIC-2026-ACCELERATOR': 36 itens HEU acumulados (brutos)
[2026-10-07 21:55:38] [INFO] Buscando termo: HORIZON-EIC-2026-PATHFINDER
[HEU][INFO] Buscando termo: HORIZON-EIC-2026-PATHFINDER
[2026-10-07 21:55:40] [INFO] Termo 'HORIZON-EIC-2026-PATHFINDER': 100 resultados brutos
[HEU][INFO] Termo 'HORIZON-EIC-2026-PATHFINDER': 100 resultados brutos
[2026-10-07 21:55:40] [INFO] Termo 'HORIZON-EIC-2026-PATHFINDER': 43 itens HEU acumulados (brutos)
[HEU][INFO] Termo 'HORIZON-EIC-2026-PATHFINDER': 43 itens HEU acumulados (brutos)
[2026-10-07 21:55:40] [INFO] Buscando termo: HORIZON-MSCA-2026-PF
[HEU][INFO] Buscando termo: HORIZON-MSCA-2026-PF
[2026-10-07 21:55:48] [INFO] Termo 'HORIZON-MSCA-2026-PF': 100 resultados brutos
[HEU][INFO] Termo 'HORIZON-MSCA-2026-PF': 100 resultados brutos
[2026-10-07 21:55:48] [INFO] Termo 'HORIZON-MSCA-2026-PF': 81 itens HEU acumulados (brutos)
[HEU][INFO] Termo 'HORIZON-MSCA-2026-PF': 81 itens HEU acumulados (brutos)
[2026-10-07 21:55:49] [INFO] Buscando termo: HORIZON-MSCA-2026-DN
[HEU][INFO] Buscando termo: HORIZON-MSCA-2026-DN
[2026-10-07 21:55:52] [INFO] Termo 'HORIZON-MSCA-2026-DN': 100 resultados brutos
[HEU][INFO] Termo 'HORIZON-MSCA-2026-DN': 100 resultados brutos
[2026-10-07 21:55:53] [INFO] Termo 'HORIZON-MSCA-2026-DN': 114 itens HEU acumulados (brutos)
[HEU][INFO] Termo 'HORIZON-MSCA-2026-DN': 114 itens HEU acumulados (brutos)
[2026-10-07 21:55:53] [INFO] Buscando termo: HORIZON-MSCA-2026-POSTDOC
[HEU][INFO] Buscando termo: HORIZON-MSCA-2026-POSTDOC
[2026-10-07 21:55:56] [INFO] Termo 'HORIZON-MSCA-2026-POSTDOC': 100 resultados brutos
[HEU][INFO] Termo 'HORIZON-MSCA-2026-POSTDOC': 100 resultados brutos
[2026-10-07 21:55:56] [INFO] Termo 'HORIZON-MSCA-2026-POSTDOC': 117 itens HEU acumulados (brutos)
[HEU][INFO] Termo 'HORIZON-MSCA-2026-POSTDOC': 117 itens HEU acumulados (brutos)
[2026-10-07 21:55:56] [INFO] Buscando termo: HORIZON-MSCA-2026-DOCTORAL
[HEU][INFO] Buscando termo: HORIZON-MSCA-2026-DOCTORAL
[2026-10-07 21:55:59] [INFO] Termo 'HORIZON-MSCA-2026-DOCTORAL': 100 resultados brutos
[HEU][INFO] Termo 'HORIZON-MSCA-2026-DOCTORAL': 100 resultados brutos
[2026-10-07 21:55:59] [INFO] Termo 'HORIZON-MSCA-2026-DOCTORAL': 143 itens HEU acumulados (brutos)
[HEU][INFO] Termo 'HORIZON-MSCA-2026-DOCTORAL': 143 itens HEU acumulados (brutos)
[2026-10-07 21:55:59] [INFO] Buscando termo: HORIZON-WIDERA-ERC-POC
[HEU][INFO] Buscando termo: HORIZON-WIDERA-ERC-POC
[2026-10-07 21:56:16] [INFO] Termo 'HORIZON-WIDERA-ERC-POC': 100 resultados brutos
[HEU][INFO] Termo 'HORIZON-WIDERA-ERC-POC': 100 resultados brutos
[2026-10-07 21:56:16] [INFO] Termo 'HORIZON-WIDERA-ERC-POC': 150 itens HEU acumulados (brutos)
[HEU][INFO] Termo 'HORIZON-WIDERA-ERC-POC': 150 itens HEU acumulados (brutos)
[2026-10-07 21:56:16] [INFO] Buscando termo: HORIZON-WIDERA-ERC-ADG
[HEU][INFO] Buscando termo: HORIZON-WIDERA-ERC-ADG
[2026-10-07 21:56:20] [INFO] Termo 'HORIZON-WIDERA-ERC-ADG': 100 resultados brutos
[HEU][INFO] Termo 'HORIZON-WIDERA-ERC-ADG': 100 resultados brutos
[2026-10-07 21:56:20] [INFO] Termo 'HORIZON-WIDERA-ERC-ADG': 161 itens HEU acumulados (brutos)
[HEU][INFO] Termo 'HORIZON-WIDERA-ERC-ADG': 161 itens HEU acumulados (brutos)
[2026-10-07 21:56:20] [INFO] Buscando termo: HORIZON-WIDERA-TWINNING
[HEU][INFO] Buscando termo: HORIZON-WIDERA-TWINNING
[2026-10-07 21:56:22] [INFO] Termo 'HORIZON-WIDERA-TWINNING': 100 resultados brutos
[HEU][INFO] Termo 'HORIZON-WIDERA-TWINNING': 100 resultados brutos
[2026-10-07 21:56:22] [INFO] Termo 'HORIZON-WIDERA-TWINNING': 195 itens HEU acumulados (brutos)
[HEU][INFO] Termo 'HORIZON-WIDERA-TWINNING': 195 itens HEU acumulados (brutos)
[2026-10-07 21:56:22] [INFO] Buscando termo: HORIZON-WIDERA-2026-NCP
[HEU][INFO] Buscando termo: HORIZON-WIDERA-2026-NCP
[2026-10-07 21:56:25] [INFO] Termo 'HORIZON-WIDERA-2026-NCP': 100 resultados brutos
[HEU][INFO] Termo 'HORIZON-WIDERA-2026-NCP': 100 resultados brutos
[2026-10-07 21:56:25] [INFO] Termo 'HORIZON-WIDERA-2026-NCP': 217 itens HEU acumulados (brutos)
[HEU][INFO] Termo 'HORIZON-WIDERA-2026-NCP': 217 itens HEU acumulados (brutos)
[2026-10-07 21:56:26] [INFO] Buscando termo: HORIZON-WIDERA-2026-COFUND
[HEU][INFO] Buscando termo: HORIZON-WIDERA-2026-COFUND
[2026-10-07 21:56:29] [INFO] Termo 'HORIZON-WIDERA-2026-COFUND': 100 resultados brutos
[HEU][INFO] Termo 'HORIZON-WIDERA-2026-COFUND': 100 resultados brutos
[2026-10-07 21:56:29] [INFO] Termo 'HORIZON-WIDERA-2026-COFUND': 244 itens HEU acumulados (brutos)
[HEU][INFO] Termo 'HORIZON-WIDERA-2026-COFUND': 244 itens HEU acumulados (brutos)
[2026-10-07 21:56:29] [INFO] Buscando termo: HORIZON-CL3-2026
[HEU][INFO] Buscando termo: HORIZON-CL3-2026
[2026-10-07 21:56:31] [INFO] Termo 'HORIZON-CL3-2026': 100 resultados brutos
[HEU][INFO] Termo 'HORIZON-CL3-2026': 100 resultados brutos
[2026-10-07 21:56:31] [INFO] Termo 'HORIZON-CL3-2026': 310 itens HEU acumulados (brutos)
[HEU][INFO] Termo 'HORIZON-CL3-2026': 310 itens HEU acumulados (brutos)
[2026-10-07 21:56:31] [INFO] Buscando termo: HORIZON-CL5-2026
[HEU][INFO] Buscando termo: HORIZON-CL5-2026
[2026-10-07 21:56:33] [INFO] Termo 'HORIZON-CL5-2026': 100 resultados brutos
[HEU][INFO] Termo 'HORIZON-CL5-2026': 100 resultados brutos
[2026-10-07 21:56:33] [INFO] Termo 'HORIZON-CL5-2026': 364 itens HEU acumulados (brutos)
[HEU][INFO] Termo 'HORIZON-CL5-2026': 364 itens HEU acumulados (brutos)
[2026-10-07 21:56:34] [INFO] Buscando termo: HORIZON-CL2-2026
[HEU][INFO] Buscando termo: HORIZON-CL2-2026
[2026-10-07 21:56:36] [INFO] Termo 'HORIZON-CL2-2026': 100 resultados brutos
[HEU][INFO] Termo 'HORIZON-CL2-2026': 100 resultados brutos
[2026-10-07 21:56:36] [INFO] Termo 'HORIZON-CL2-2026': 416 itens HEU acumulados (brutos)
[HEU][INFO] Termo 'HORIZON-CL2-2026': 416 itens HEU acumulados (brutos)
[2026-10-07 21:56:36] [INFO] Buscando termo: HORIZON-CL4-2026-HUMAN
[HEU][INFO] Buscando termo: HORIZON-CL4-2026-HUMAN
[2026-10-07 21:56:38] [INFO] Termo 'HORIZON-CL4-2026-HUMAN': 100 resultados brutos
[HEU][INFO] Termo 'HORIZON-CL4-2026-HUMAN': 100 resultados brutos
[2026-10-07 21:56:38] [INFO] Termo 'HORIZON-CL4-2026-HUMAN': 494 itens HEU acumulados (brutos)
[HEU][INFO] Termo 'HORIZON-CL4-2026-HUMAN': 494 itens HEU acumulados (brutos)
[2026-10-07 21:56:38] [INFO] Buscando termo: HORIZON-CL5-2026-ENERGY
[HEU][INFO] Buscando termo: HORIZON-CL5-2026-ENERGY
[2026-10-07 21:56:40] [INFO] Termo 'HORIZON-CL5-2026-ENERGY': 100 resultados brutos
[HEU][INFO] Termo 'HORIZON-CL5-2026-ENERGY': 100 resultados brutos
[2026-10-07 21:56:40] [INFO] Termo 'HORIZON-CL5-2026-ENERGY': 522 itens HEU acumulados (brutos)
[HEU][INFO] Termo 'HORIZON-CL5-2026-ENERGY': 522 itens HEU acumulados (brutos)
[2026-10-07 21:56:40] [INFO] Deduplicando 522 itens brutos...
[HEU][INFO] Deduplicando 522 itens brutos...
[2026-10-07 21:56:41] [INFO] Após deduplicação: 56 itens únicos
[HEU][INFO] Após deduplicação: 56 itens únicos
[2026-10-07 21:56:41] [INFO] Total de itens HEU coletados: 56
[HEU][INFO] Total de itens HEU coletados: 56
[2026-10-07 21:56:42] [WARN] 53 registro(s) HEU sem data_limite. Tentando fallback CORDIS API...
[HEU][WARN] 53 registro(s) HEU sem data_limite. Tentando fallback CORDIS API...
[2026-10-07 21:56:46] [INFO] HEU: 56 registros finais coletados
[HEU][INFO] HEU: 56 registros finais coletados
[2026-10-07 21:56:46] [INFO] Retornando lista com 34 registros
[HEU][INFO] Retornando lista com 34 registros
[2026-10-07 21:56:47] [WARN] Erro de rede/timeout na chamada de IA (tentativa 1/3): HTTP 429 Too Many Requests.
[2026-10-07 21:57:35] [WARN] Erro de rede/timeout na chamada de IA (tentativa 2/3): Failed to perform HTTP request.
[2026-10-07 21:58:24] [WARN] Erro de rede/timeout na chamada de IA (tentativa 3/3): Failed to perform HTTP request.
[2026-10-07 21:58:24] [WARN] Fallback: provedor openrouter falhou, tentando próximo
[2026-10-07 21:59:54] [WARN] Erro de rede/timeout na chamada de IA (tentativa 1/3): Failed to perform HTTP request.
[2026-10-07 22:00:19] [WARN] Erro de rede/timeout na chamada de IA (tentativa 1/3): HTTP 429 Too Many Requests.
[2026-10-07 22:00:22] [WARN] Erro de rede/timeout na chamada de IA (tentativa 2/3): HTTP 429 Too Many Requests.
[2026-10-07 22:00:27] [WARN] Erro de rede/timeout na chamada de IA (tentativa 3/3): HTTP 429 Too Many Requests.
[2026-10-07 22:00:27] [WARN] Fallback: provedor openrouter falhou, tentando próximo
[2026-10-07 22:00:30] [WARN] Erro de rede/timeout na chamada de IA (tentativa 1/3): HTTP 429 Too Many Requests.
[2026-10-07 22:00:33] [WARN] Erro de rede/timeout na chamada de IA (tentativa 2/3): HTTP 429 Too Many Requests.
[2026-10-07 22:00:38] [WARN] Erro de rede/timeout na chamada de IA (tentativa 3/3): HTTP 429 Too Many Requests.
[2026-10-07 22:00:38] [WARN] Fallback: provedor openrouter falhou, tentando próximo
[2026-10-07 22:00:38] [WARN] Erro de rede/timeout na chamada de IA (tentativa 1/3): HTTP 429 Too Many Requests.
[2026-10-07 22:01:12] [WARN] Erro de rede/timeout na chamada de IA (tentativa 1/3): HTTP 429 Too Many Requests.
[2026-10-07 22:01:15] [WARN] Erro de rede/timeout na chamada de IA (tentativa 2/3): HTTP 429 Too Many Requests.
[2026-10-07 22:01:20] [WARN] Erro de rede/timeout na chamada de IA (tentativa 3/3): HTTP 429 Too Many Requests.
[2026-10-07 22:01:20] [WARN] Fallback: provedor openrouter falhou, tentando próximo
[2026-10-07 22:01:20] [WARN] Erro de rede/timeout na chamada de IA (tentativa 1/3): HTTP 429 Too Many Requests.
[2026-10-07 22:01:23] [WARN] Erro de rede/timeout na chamada de IA (tentativa 2/3): HTTP 429 Too Many Requests.
[2026-10-07 22:01:29] [WARN] Erro de rede/timeout na chamada de IA (tentativa 3/3): HTTP 429 Too Many Requests.
[2026-10-07 22:01:29] [WARN] Fallback: provedor openrouter falhou, tentando próximo
[2026-10-07 22:01:29] [WARN] Erro de rede/timeout na chamada de IA (tentativa 1/3): HTTP 429 Too Many Requests.
[2026-10-07 22:01:33] [WARN] Erro de rede/timeout na chamada de IA (tentativa 2/3): HTTP 429 Too Many Requests.
[2026-10-07 22:01:38] [WARN] Erro de rede/timeout na chamada de IA (tentativa 3/3): HTTP 429 Too Many Requests.
[2026-10-07 22:01:38] [WARN] Fallback: provedor openrouter falhou, tentando próximo
[2026-10-07 22:00:49] [INFO] Iniciando coleta ERC via API REST...
[ERC][INFO] Iniciando coleta ERC via API REST...
[2026-10-07 22:00:49] [INFO] Buscando termo: ERC AdG 2026
[ERC][INFO] Buscando termo: ERC AdG 2026
[2026-10-07 22:00:53] [INFO] Termo 'ERC AdG 2026': 100 resultados brutos
[ERC][INFO] Termo 'ERC AdG 2026': 100 resultados brutos
[2026-10-07 22:00:53] [INFO] Termo 'ERC AdG 2026': 0 itens ERC acumulados (brutos)
[ERC][INFO] Termo 'ERC AdG 2026': 0 itens ERC acumulados (brutos)
[2026-10-07 22:00:54] [INFO] Buscando termo: ERC PoC 2026
[ERC][INFO] Buscando termo: ERC PoC 2026
[2026-10-07 22:00:56] [INFO] Termo 'ERC PoC 2026': 100 resultados brutos
[ERC][INFO] Termo 'ERC PoC 2026': 100 resultados brutos
[2026-10-07 22:00:56] [INFO] Termo 'ERC PoC 2026': 0 itens ERC acumulados (brutos)
[ERC][INFO] Termo 'ERC PoC 2026': 0 itens ERC acumulados (brutos)
[2026-10-07 22:00:57] [INFO] Deduplicando 0 itens brutos...
[ERC][INFO] Deduplicando 0 itens brutos...
[2026-10-07 22:00:57] [INFO] Após deduplicação: 0 itens únicos
[ERC][INFO] Após deduplicação: 0 itens únicos
[2026-10-07 22:00:57] [INFO] Total de itens ERC coletados: 0
[ERC][INFO] Total de itens ERC coletados: 0
[2026-10-07 22:00:57] [WARN] Nenhum item ERC encontrado
[ERC][WARN] Nenhum item ERC encontrado
[2026-10-07 22:02:17] [WARN] Erro de rede/timeout na chamada de IA (tentativa 1/3): HTTP 429 Too Many Requests.
[2026-10-07 22:02:20] [WARN] Erro de rede/timeout na chamada de IA (tentativa 2/3): HTTP 429 Too Many Requests.
[2026-10-07 22:02:25] [WARN] Erro de rede/timeout na chamada de IA (tentativa 3/3): HTTP 429 Too Many Requests.
[2026-10-07 22:02:25] [WARN] Fallback: provedor openrouter falhou, tentando próximo
[2026-10-07 22:02:26] [WARN] Erro de rede/timeout na chamada de IA (tentativa 1/3): HTTP 429 Too Many Requests.
[2026-10-07 22:02:29] [WARN] Erro de rede/timeout na chamada de IA (tentativa 2/3): HTTP 429 Too Many Requests.
[2026-10-07 22:02:34] [WARN] Erro de rede/timeout na chamada de IA (tentativa 3/3): HTTP 429 Too Many Requests.
[2026-10-07 22:02:34] [WARN] Fallback: provedor openrouter falhou, tentando próximo
[2026-10-07 22:02:35] [WARN] Erro de rede/timeout na chamada de IA (tentativa 1/3): HTTP 429 Too Many Requests.
[2026-10-07 22:02:38] [WARN] Erro de rede/timeout na chamada de IA (tentativa 2/3): HTTP 429 Too Many Requests.
[2026-10-07 22:03:12] [WARN] Erro de rede/timeout na chamada de IA (tentativa 1/3): HTTP 429 Too Many Requests.
[2026-10-07 22:04:25] [WARN] Erro de rede/timeout na chamada de IA (tentativa 1/3): Failed to perform HTTP request.
[2026-10-07 22:04:29] [WARN] Erro de rede/timeout na chamada de IA (tentativa 2/3): HTTP 429 Too Many Requests.
[2026-10-07 22:04:34] [WARN] Erro de rede/timeout na chamada de IA (tentativa 3/3): HTTP 429 Too Many Requests.
[2026-10-07 22:04:34] [WARN] Fallback: provedor openrouter falhou, tentando próximo
[2026-10-07 22:04:35] [WARN] Erro de rede/timeout na chamada de IA (tentativa 1/3): HTTP 429 Too Many Requests.
[2026-10-07 22:04:38] [WARN] Erro de rede/timeout na chamada de IA (tentativa 2/3): HTTP 429 Too Many Requests.
[2026-10-07 22:05:28] [WARN] Erro de rede/timeout na chamada de IA (tentativa 3/3): Failed to perform HTTP request.
[2026-10-07 22:05:28] [WARN] Fallback: provedor openrouter falhou, tentando próximo
[2026-10-07 22:05:29] [WARN] Erro de rede/timeout na chamada de IA (tentativa 1/3): HTTP 429 Too Many Requests.
[2026-10-07 22:05:32] [WARN] Erro de rede/timeout na chamada de IA (tentativa 2/3): HTTP 429 Too Many Requests.
[2026-10-07 22:05:37] [WARN] Erro de rede/timeout na chamada de IA (tentativa 3/3): HTTP 429 Too Many Requests.
[2026-10-07 22:05:37] [WARN] Fallback: provedor openrouter falhou, tentando próximo
[2026-10-07 22:02:12] [INFO] Iniciando coleta UNDP Brasil via componente externo...
[UNDP][INFO] Iniciando coleta UNDP Brasil via componente externo...
[2026-10-07 22:02:13] [INFO] Buscando componente de dados...
[UNDP][INFO] Buscando componente de dados...
[2026-10-07 22:02:14] [INFO] Parseando JSON do componente JavaScript...
[UNDP][INFO] Parseando JSON do componente JavaScript...
[2026-10-07 22:02:15] [INFO] Componente retornou 8 registros.
[UNDP][INFO] Componente retornou 8 registros.
[2026-10-07 22:02:16] [INFO] Detalhe parseado com sucesso.
[UNDP][INFO] Detalhe parseado com sucesso.
[2026-10-07 22:02:19] [INFO] Progresso: 5/8 registros processados.
[UNDP][INFO] Progresso: 5/8 registros processados.
[2026-10-07 22:02:21] [INFO] UNDP: 8 registros finais coletados.
[UNDP][INFO] UNDP: 8 registros finais coletados.
[2026-10-07 22:02:22] [WARN] Erro de rede/timeout na chamada de IA (tentativa 1/3): HTTP 429 Too Many Requests.
[2026-10-07 22:02:25] [WARN] Erro de rede/timeout na chamada de IA (tentativa 2/3): HTTP 429 Too Many Requests.
[2026-10-07 22:02:30] [WARN] Erro de rede/timeout na chamada de IA (tentativa 3/3): HTTP 429 Too Many Requests.
[2026-10-07 22:02:30] [WARN] Fallback: provedor openrouter falhou, tentando próximo
[2026-10-07 22:02:31] [WARN] Erro de rede/timeout na chamada de IA (tentativa 1/3): HTTP 429 Too Many Requests.
[2026-10-07 22:02:33] [WARN] Erro de rede/timeout na chamada de IA (tentativa 2/3): HTTP 429 Too Many Requests.
[2026-10-07 22:02:38] [WARN] Erro de rede/timeout na chamada de IA (tentativa 3/3): HTTP 429 Too Many Requests.
[2026-10-07 22:02:39] [WARN] Fallback: provedor openrouter falhou, tentando próximo
[2026-10-07 22:02:39] [WARN] Erro de rede/timeout na chamada de IA (tentativa 1/3): HTTP 429 Too Many Requests.
[2026-10-07 22:02:43] [WARN] Erro de rede/timeout na chamada de IA (tentativa 2/3): HTTP 429 Too Many Requests.
[2026-10-07 22:03:27] [WARN] Erro de rede/timeout na chamada de IA (tentativa 1/3): HTTP 429 Too Many Requests.
[2026-10-07 22:03:30] [WARN] Erro de rede/timeout na chamada de IA (tentativa 2/3): HTTP 429 Too Many Requests.
[2026-10-07 22:03:35] [WARN] Erro de rede/timeout na chamada de IA (tentativa 3/3): HTTP 429 Too Many Requests.
[2026-10-07 22:03:35] [WARN] Fallback: provedor openrouter falhou, tentando próximo
[2026-10-07 22:03:36] [WARN] Erro de rede/timeout na chamada de IA (tentativa 1/3): HTTP 429 Too Many Requests.
[2026-10-07 22:04:23] [WARN] Erro de rede/timeout na chamada de IA (tentativa 2/3): Failed to perform HTTP request.
[2026-10-07 22:04:28] [WARN] Erro de rede/timeout na chamada de IA (tentativa 3/3): HTTP 429 Too Many Requests.
[2026-10-07 22:04:28] [WARN] Fallback: provedor openrouter falhou, tentando próximo
[2026-10-07 22:04:31] [WARN] Erro de rede/timeout na chamada de IA (tentativa 1/3): HTTP 429 Too Many Requests.
[2026-10-07 22:04:34] [WARN] Erro de rede/timeout na chamada de IA (tentativa 2/3): HTTP 429 Too Many Requests.
[2026-10-07 22:05:24] [WARN] Erro de rede/timeout na chamada de IA (tentativa 3/3): Failed to perform HTTP request.
[2026-10-07 22:05:24] [WARN] Fallback: provedor openrouter falhou, tentando próximo
[2026-10-07 22:04:38] [INFO] Iniciando coleta EMBRAPII (embrapii.org.br/transparencia/).
[EMBRAPII][INFO] Iniciando coleta EMBRAPII (embrapii.org.br/transparencia/).
[2026-10-07 22:04:40] [INFO] Encontradas 29 chamadas unicas na pagina de transparencia.
[EMBRAPII][INFO] Encontradas 29 chamadas unicas na pagina de transparencia.
[2026-10-07 22:04:40] [INFO] Detalhe parseado com sucesso (primeira chamada).
[EMBRAPII][INFO] Detalhe parseado com sucesso (primeira chamada).
[2026-10-07 22:04:47] [INFO] Progresso: 10/29 chamadas processadas.
[EMBRAPII][INFO] Progresso: 10/29 chamadas processadas.
[2026-10-07 22:04:55] [INFO] Progresso: 20/29 chamadas processadas.
[EMBRAPII][INFO] Progresso: 20/29 chamadas processadas.
[2026-10-07 22:05:03] [INFO] EMBRAPII: 29 registros finais coletados.
[EMBRAPII][INFO] EMBRAPII: 29 registros finais coletados.
[2026-10-07 22:05:48] [WARN] Erro de rede/timeout na chamada de IA (tentativa 1/3): Failed to perform HTTP request.
[2026-10-07 22:06:27] [WARN] Erro de rede/timeout na chamada de IA (tentativa 1/3): HTTP 429 Too Many Requests.
[2026-10-07 22:06:31] [WARN] Erro de rede/timeout na chamada de IA (tentativa 2/3): HTTP 429 Too Many Requests.
[2026-10-07 22:06:35] [WARN] Erro de rede/timeout na chamada de IA (tentativa 3/3): HTTP 429 Too Many Requests.
[2026-10-07 22:06:35] [WARN] Fallback: provedor openrouter falhou, tentando próximo
[2026-10-07 22:06:36] [WARN] Erro de rede/timeout na chamada de IA (tentativa 1/3): HTTP 429 Too Many Requests.
[2026-10-07 22:06:39] [WARN] Erro de rede/timeout na chamada de IA (tentativa 2/3): HTTP 429 Too Many Requests.
[2026-10-07 22:06:44] [WARN] Erro de rede/timeout na chamada de IA (tentativa 3/3): HTTP 429 Too Many Requests.
[2026-10-07 22:06:44] [WARN] Fallback: provedor openrouter falhou, tentando próximo
[2026-10-07 22:07:32] [WARN] Erro de rede/timeout na chamada de IA (tentativa 1/3): HTTP 429 Too Many Requests.
[2026-10-07 22:07:35] [WARN] Erro de rede/timeout na chamada de IA (tentativa 2/3): HTTP 429 Too Many Requests.
[2026-10-07 22:08:25] [WARN] Erro de rede/timeout na chamada de IA (tentativa 3/3): Failed to perform HTTP request.
[2026-10-07 22:08:25] [WARN] Fallback: provedor openrouter falhou, tentando próximo
[2026-10-07 22:08:27] [WARN] Erro de rede/timeout na chamada de IA (tentativa 1/3): HTTP 429 Too Many Requests.
[2026-10-07 22:08:30] [WARN] Erro de rede/timeout na chamada de IA (tentativa 2/3): HTTP 429 Too Many Requests.
[2026-10-07 22:08:34] [WARN] Erro de rede/timeout na chamada de IA (tentativa 3/3): HTTP 429 Too Many Requests.
[2026-10-07 22:08:34] [WARN] Fallback: provedor openrouter falhou, tentando próximo
[2026-10-07 22:08:36] [WARN] Erro de rede/timeout na chamada de IA (tentativa 1/3): HTTP 429 Too Many Requests.
[2026-10-07 22:08:39] [WARN] Erro de rede/timeout na chamada de IA (tentativa 2/3): HTTP 429 Too Many Requests.
[2026-10-07 22:09:34] [WARN] Erro de rede/timeout na chamada de IA (tentativa 1/3): HTTP 429 Too Many Requests.
[2026-10-07 22:09:38] [WARN] Erro de rede/timeout na chamada de IA (tentativa 2/3): HTTP 429 Too Many Requests.
[2026-10-07 22:11:26] [WARN] Erro de rede/timeout na chamada de IA (tentativa 1/3): HTTP 429 Too Many Requests.
[2026-10-07 22:11:30] [WARN] Erro de rede/timeout na chamada de IA (tentativa 2/3): HTTP 429 Too Many Requests.
[2026-10-07 22:11:35] [WARN] Erro de rede/timeout na chamada de IA (tentativa 3/3): HTTP 429 Too Many Requests.
[2026-10-07 22:11:35] [WARN] Fallback: provedor openrouter falhou, tentando próximo
[2026-10-07 22:11:35] [WARN] Erro de rede/timeout na chamada de IA (tentativa 1/3): HTTP 429 Too Many Requests.
[2026-10-07 22:11:39] [WARN] Erro de rede/timeout na chamada de IA (tentativa 2/3): HTTP 429 Too Many Requests.
[2026-10-07 22:12:34] [WARN] Erro de rede/timeout na chamada de IA (tentativa 1/3): HTTP 429 Too Many Requests.
[2026-10-07 22:12:37] [WARN] Erro de rede/timeout na chamada de IA (tentativa 2/3): HTTP 429 Too Many Requests.
[2026-10-07 22:13:27] [WARN] Erro de rede/timeout na chamada de IA (tentativa 3/3): Failed to perform HTTP request.
[2026-10-07 22:13:27] [WARN] Fallback: provedor openrouter falhou, tentando próximo
[2026-10-07 22:14:12] [WARN] Erro de rede/timeout na chamada de IA (tentativa 1/3): Failed to perform HTTP request.
[2026-10-07 22:15:00] [WARN] Erro de rede/timeout na chamada de IA (tentativa 2/3): Failed to perform HTTP request.
[2026-10-07 22:16:12] [WARN] Erro de rede/timeout na chamada de IA (tentativa 1/3): HTTP 429 Too Many Requests.
[2026-10-07 22:16:40] [WARN] Erro de rede/timeout na chamada de IA (tentativa 1/3): HTTP 429 Too Many Requests.
[2026-10-07 22:16:43] [WARN] Erro de rede/timeout na chamada de IA (tentativa 2/3): HTTP 429 Too Many Requests.
[2026-10-07 22:16:48] [WARN] Erro de rede/timeout na chamada de IA (tentativa 3/3): HTTP 429 Too Many Requests.
[2026-10-07 22:16:48] [WARN] Fallback: provedor openrouter falhou, tentando próximo
[2026-10-07 22:17:24] [WARN] Erro de rede/timeout na chamada de IA (tentativa 1/3): HTTP 429 Too Many Requests.
[2026-10-07 22:17:27] [WARN] Erro de rede/timeout na chamada de IA (tentativa 2/3): HTTP 429 Too Many Requests.
[2026-10-07 22:17:32] [WARN] Erro de rede/timeout na chamada de IA (tentativa 3/3): HTTP 429 Too Many Requests.
[2026-10-07 22:17:32] [WARN] Fallback: provedor openrouter falhou, tentando próximo
[2026-10-07 22:17:33] [WARN] Erro de rede/timeout na chamada de IA (tentativa 1/3): HTTP 429 Too Many Requests.
[2026-10-07 22:17:36] [WARN] Erro de rede/timeout na chamada de IA (tentativa 2/3): HTTP 429 Too Many Requests.
[2026-10-07 22:18:30] [WARN] Erro de rede/timeout na chamada de IA (tentativa 1/3): HTTP 429 Too Many Requests.
[2026-10-07 22:18:32] [WARN] Erro de rede/timeout na chamada de IA (tentativa 2/3): HTTP 429 Too Many Requests.
[2026-10-07 22:18:37] [WARN] Erro de rede/timeout na chamada de IA (tentativa 3/3): HTTP 429 Too Many Requests.
[2026-10-07 22:18:37] [WARN] Fallback: provedor openrouter falhou, tentando próximo
[2026-10-07 22:18:38] [WARN] Erro de rede/timeout na chamada de IA (tentativa 1/3): HTTP 429 Too Many Requests.
[2026-10-07 22:19:24] [WARN] Erro de rede/timeout na chamada de IA (tentativa 1/3): HTTP 429 Too Many Requests.
[2026-10-07 22:19:27] [WARN] Erro de rede/timeout na chamada de IA (tentativa 2/3): HTTP 429 Too Many Requests.
[2026-10-07 22:19:33] [WARN] Erro de rede/timeout na chamada de IA (tentativa 3/3): HTTP 429 Too Many Requests.
[2026-10-07 22:19:33] [WARN] Fallback: provedor openrouter falhou, tentando próximo
[2026-10-07 22:19:33] [WARN] Erro de rede/timeout na chamada de IA (tentativa 1/3): HTTP 429 Too Many Requests.
[2026-10-07 22:19:37] [WARN] Erro de rede/timeout na chamada de IA (tentativa 2/3): HTTP 429 Too Many Requests.
[2026-10-07 22:20:41] [WARN] Erro de rede/timeout na chamada de IA (tentativa 1/3): HTTP 429 Too Many Requests.
[2026-10-07 22:21:29] [WARN] Erro de rede/timeout na chamada de IA (tentativa 2/3): Failed to perform HTTP request.
[2026-10-07 22:22:19] [WARN] Erro de rede/timeout na chamada de IA (tentativa 3/3): Failed to perform HTTP request.
[2026-10-07 22:22:19] [WARN] Fallback: provedor openrouter falhou, tentando próximo
[2026-10-07 22:23:04] [WARN] Erro de rede/timeout na chamada de IA (tentativa 1/3): Failed to perform HTTP request.
[2026-10-07 22:23:51] [WARN] Erro de rede/timeout na chamada de IA (tentativa 2/3): Failed to perform HTTP request.
[2026-10-07 22:24:41] [WARN] Erro de rede/timeout na chamada de IA (tentativa 3/3): Failed to perform HTTP request.
[2026-10-07 22:24:41] [WARN] Fallback: provedor openrouter falhou, tentando próximo
[2026-10-07 22:24:41] [WARN] Erro de rede/timeout na chamada de IA (tentativa 1/3): HTTP 429 Too Many Requests.
[2026-10-07 22:27:03] [WARN] Erro de rede/timeout na chamada de IA (tentativa 1/3): Failed to perform HTTP request.
[2026-10-07 22:27:51] [WARN] Erro de rede/timeout na chamada de IA (tentativa 2/3): Failed to perform HTTP request.
[2026-10-07 22:28:41] [WARN] Erro de rede/timeout na chamada de IA (tentativa 3/3): Failed to perform HTTP request.
[2026-10-07 22:28:41] [WARN] Fallback: provedor openrouter falhou, tentando próximo
[2026-10-07 22:28:41] [WARN] Erro de rede/timeout na chamada de IA (tentativa 1/3): HTTP 429 Too Many Requests.
[2026-10-07 22:29:29] [WARN] Erro de rede/timeout na chamada de IA (tentativa 2/3): Failed to perform HTTP request.
[2026-10-07 22:29:34] [WARN] Erro de rede/timeout na chamada de IA (tentativa 3/3): HTTP 429 Too Many Requests.
[2026-10-07 22:29:34] [WARN] Fallback: provedor openrouter falhou, tentando próximo
[2026-10-07 22:29:35] [WARN] Erro de rede/timeout na chamada de IA (tentativa 1/3): HTTP 429 Too Many Requests.
[2026-10-07 22:29:38] [WARN] Erro de rede/timeout na chamada de IA (tentativa 2/3): HTTP 429 Too Many Requests.
[2026-10-07 22:30:20] [WARN] Erro de rede/timeout na chamada de IA (tentativa 1/3): HTTP 429 Too Many Requests.
[2026-10-07 22:30:24] [WARN] Erro de rede/timeout na chamada de IA (tentativa 2/3): HTTP 429 Too Many Requests.
[2026-10-07 22:30:29] [WARN] Erro de rede/timeout na chamada de IA (tentativa 3/3): HTTP 429 Too Many Requests.
[2026-10-07 22:30:29] [WARN] Fallback: provedor openrouter falhou, tentando próximo
[2026-10-07 22:30:30] [WARN] Erro de rede/timeout na chamada de IA (tentativa 1/3): HTTP 429 Too Many Requests.
[2026-10-07 22:30:33] [WARN] Erro de rede/timeout na chamada de IA (tentativa 2/3): HTTP 429 Too Many Requests.
[2026-10-07 22:30:38] [WARN] Erro de rede/timeout na chamada de IA (tentativa 3/3): HTTP 429 Too Many Requests.
[2026-10-07 22:30:38] [WARN] Fallback: provedor openrouter falhou, tentando próximo
[2026-10-07 22:30:39] [WARN] Erro de rede/timeout na chamada de IA (tentativa 1/3): HTTP 429 Too Many Requests.
[2026-10-07 22:30:42] [WARN] Erro de rede/timeout na chamada de IA (tentativa 2/3): HTTP 429 Too Many Requests.
[2026-10-07 22:31:21] [WARN] Erro de rede/timeout na chamada de IA (tentativa 1/3): HTTP 429 Too Many Requests.
[2026-10-07 22:31:25] [WARN] Erro de rede/timeout na chamada de IA (tentativa 2/3): HTTP 429 Too Many Requests.
[2026-10-07 22:31:29] [WARN] Erro de rede/timeout na chamada de IA (tentativa 3/3): HTTP 429 Too Many Requests.
[2026-10-07 22:31:29] [WARN] Fallback: provedor openrouter falhou, tentando próximo
[2026-10-07 22:31:30] [WARN] Erro de rede/timeout na chamada de IA (tentativa 1/3): HTTP 429 Too Many Requests.
[2026-10-07 22:31:33] [WARN] Erro de rede/timeout na chamada de IA (tentativa 2/3): HTTP 429 Too Many Requests.
[2026-10-07 22:31:38] [WARN] Erro de rede/timeout na chamada de IA (tentativa 3/3): HTTP 429 Too Many Requests.
[2026-10-07 22:31:38] [WARN] Fallback: provedor openrouter falhou, tentando próximo
[2026-10-07 22:31:38] [WARN] Erro de rede/timeout na chamada de IA (tentativa 1/3): HTTP 429 Too Many Requests.
[2026-10-07 22:31:42] [WARN] Erro de rede/timeout na chamada de IA (tentativa 2/3): HTTP 429 Too Many Requests.
[2026-10-07 22:32:42] [WARN] Erro de rede/timeout na chamada de IA (tentativa 1/3): HTTP 429 Too Many Requests.
[2026-10-07 22:32:46] [WARN] Erro de rede/timeout na chamada de IA (tentativa 2/3): HTTP 429 Too Many Requests.
[2026-10-07 22:05:25] [INFO] Iniciando coleta DAAD Brasil (híbrido JSON + scraping).
[DAAD][INFO] Iniciando coleta DAAD Brasil (híbrido JSON + scraping).
[2026-10-07 22:05:25] [INFO] Fase 1: Baixando catálogo global DAAD (scholarships.js).
[DAAD][INFO] Fase 1: Baixando catálogo global DAAD (scholarships.js).
[2026-10-07 22:05:27] [INFO] scholarships.js baixado: 680738 caracteres.
[DAAD][INFO] scholarships.js baixado: 680738 caracteres.
[2026-10-07 22:05:29] [INFO] Catálogo global: 81 bolsas Brasil extraídas de 162 totais.
[DAAD][INFO] Catálogo global: 81 bolsas Brasil extraídas de 162 totais.
[2026-10-07 22:05:29] [INFO] Fase 2: Fazendo scraping do listing DAAD Brasil.
[DAAD][INFO] Fase 2: Fazendo scraping do listing DAAD Brasil.
[2026-10-07 22:05:32] [INFO] Página 1: 5 itens extraídos (total: 5).
[DAAD][INFO] Página 1: 5 itens extraídos (total: 5).
[2026-10-07 22:05:34] [INFO] Página 2: 5 itens extraídos (total: 10).
[DAAD][INFO] Página 2: 5 itens extraídos (total: 10).
[2026-10-07 22:05:37] [INFO] Página 3: 5 itens extraídos (total: 15).
[DAAD][INFO] Página 3: 5 itens extraídos (total: 15).
[2026-10-07 22:05:40] [INFO] Página 4: 5 itens extraídos (total: 20).
[DAAD][INFO] Página 4: 5 itens extraídos (total: 20).
[2026-10-07 22:05:43] [INFO] Página 5: 5 itens extraídos (total: 25).
[DAAD][INFO] Página 5: 5 itens extraídos (total: 25).
[2026-10-07 22:05:43] [INFO] Listing completo: 25 itens de 5 páginas.
[DAAD][INFO] Listing completo: 25 itens de 5 páginas.
[2026-10-07 22:05:43] [INFO] Fase 3: Mergeando catálogo JSON com listing Brasil.
[DAAD][INFO] Fase 3: Mergeando catálogo JSON com listing Brasil.
[2026-10-07 22:05:44] [INFO] Fase 3: 62 bolsas descartadas (sem correspondência no listing Brasil).
[DAAD][INFO] Fase 3: 62 bolsas descartadas (sem correspondência no listing Brasil).
[2026-10-07 22:05:44] [INFO] Fase 3: 19 registros mergeados (JSON + listing Brasil).
[DAAD][INFO] Fase 3: 19 registros mergeados (JSON + listing Brasil).
[2026-10-07 22:05:44] [INFO] Fase 4: Buscando páginas de detalhe.
[DAAD][INFO] Fase 4: Buscando páginas de detalhe.
[2026-10-07 22:06:24] [WARN] Falhas no detalhe: 8/19 (usados dados do listing/catálogo).
[DAAD][WARN] Falhas no detalhe: 8/19 (usados dados do listing/catálogo).
[2026-10-07 22:06:24] [INFO] Fase 5: Preparando registros.
[DAAD][INFO] Fase 5: Preparando registros.
[2026-10-07 22:06:24] [INFO] DAAD Brasil: 19 registros finais coletados.
[DAAD][INFO] DAAD Brasil: 19 registros finais coletados.
[2026-10-07 22:06:25] [WARN] Erro de rede/timeout na chamada de IA (tentativa 1/3): HTTP 429 Too Many Requests.
[2026-10-07 22:06:28] [WARN] Erro de rede/timeout na chamada de IA (tentativa 2/3): HTTP 429 Too Many Requests.
[2026-10-07 22:06:33] [WARN] Erro de rede/timeout na chamada de IA (tentativa 3/3): HTTP 429 Too Many Requests.
[2026-10-07 22:06:33] [WARN] Fallback: provedor openrouter falhou, tentando próximo
[2026-10-07 22:06:34] [WARN] Erro de rede/timeout na chamada de IA (tentativa 1/3): HTTP 429 Too Many Requests.
[2026-10-07 22:06:36] [WARN] Erro de rede/timeout na chamada de IA (tentativa 2/3): HTTP 429 Too Many Requests.
[2026-10-07 22:07:27] [WARN] Erro de rede/timeout na chamada de IA (tentativa 1/3): HTTP 429 Too Many Requests.
[2026-10-07 22:07:29] [WARN] Erro de rede/timeout na chamada de IA (tentativa 2/3): HTTP 429 Too Many Requests.
[2026-10-07 22:07:34] [WARN] Erro de rede/timeout na chamada de IA (tentativa 3/3): HTTP 429 Too Many Requests.
[2026-10-07 22:07:34] [WARN] Fallback: provedor openrouter falhou, tentando próximo
[2026-10-07 22:07:34] [WARN] Erro de rede/timeout na chamada de IA (tentativa 1/3): HTTP 429 Too Many Requests.
[2026-10-07 22:07:38] [WARN] Erro de rede/timeout na chamada de IA (tentativa 2/3): HTTP 429 Too Many Requests.
[2026-10-07 22:08:06] [WARN] Erro de rede/timeout na chamada de IA (tentativa 1/3): HTTP 429 Too Many Requests.
[2026-10-07 22:08:31] [WARN] Erro de rede/timeout na chamada de IA (tentativa 1/3): HTTP 429 Too Many Requests.
[2026-10-07 22:08:35] [WARN] Erro de rede/timeout na chamada de IA (tentativa 2/3): HTTP 429 Too Many Requests.
[2026-10-07 22:08:39] [WARN] Erro de rede/timeout na chamada de IA (tentativa 3/3): HTTP 429 Too Many Requests.
[2026-10-07 22:08:39] [WARN] Fallback: provedor openrouter falhou, tentando próximo
[2026-10-07 22:09:36] [WARN] Erro de rede/timeout na chamada de IA (tentativa 1/3): HTTP 429 Too Many Requests.
[2026-10-07 22:09:39] [WARN] Erro de rede/timeout na chamada de IA (tentativa 2/3): HTTP 429 Too Many Requests.
[2026-10-07 22:09:44] [WARN] Erro de rede/timeout na chamada de IA (tentativa 3/3): HTTP 429 Too Many Requests.
[2026-10-07 22:09:44] [WARN] Fallback: provedor openrouter falhou, tentando próximo
[2026-10-07 22:10:35] [WARN] Erro de rede/timeout na chamada de IA (tentativa 1/3): HTTP 429 Too Many Requests.
[2026-10-07 22:10:38] [WARN] Erro de rede/timeout na chamada de IA (tentativa 2/3): HTTP 429 Too Many Requests.
[2026-10-07 22:11:15] [WARN] Erro de rede/timeout na chamada de IA (tentativa 1/3): HTTP 429 Too Many Requests.
[2026-10-07 22:11:31] [WARN] Erro de rede/timeout na chamada de IA (tentativa 1/3): HTTP 429 Too Many Requests.
[2026-10-07 22:11:34] [WARN] Erro de rede/timeout na chamada de IA (tentativa 2/3): HTTP 429 Too Many Requests.
[2026-10-07 22:11:39] [WARN] Erro de rede/timeout na chamada de IA (tentativa 3/3): HTTP 429 Too Many Requests.
[2026-10-07 22:11:39] [WARN] Fallback: provedor openrouter falhou, tentando próximo
[2026-10-07 22:11:39] [WARN] Erro de rede/timeout na chamada de IA (tentativa 1/3): HTTP 429 Too Many Requests.
[2026-10-07 22:13:07] [WARN] Erro de rede/timeout na chamada de IA (tentativa 1/3): Failed to perform HTTP request.
[2026-10-07 22:14:29] [WARN] Erro de rede/timeout na chamada de IA (tentativa 1/3): Failed to perform HTTP request.
[2026-10-07 22:14:32] [WARN] Erro de rede/timeout na chamada de IA (tentativa 2/3): HTTP 429 Too Many Requests.
[2026-10-07 22:14:37] [WARN] Erro de rede/timeout na chamada de IA (tentativa 3/3): HTTP 429 Too Many Requests.
[2026-10-07 22:14:37] [WARN] Fallback: provedor openrouter falhou, tentando próximo
[2026-10-07 22:14:38] [WARN] Erro de rede/timeout na chamada de IA (tentativa 1/3): HTTP 429 Too Many Requests.
[2026-10-07 22:15:25] [WARN] Erro de rede/timeout na chamada de IA (tentativa 2/3): Failed to perform HTTP request.
[2026-10-07 22:16:20] [WARN] Erro de rede/timeout na chamada de IA (tentativa 1/3): HTTP 429 Too Many Requests.
[2026-10-07 22:16:24] [WARN] Erro de rede/timeout na chamada de IA (tentativa 2/3): HTTP 429 Too Many Requests.
[2026-10-07 22:16:29] [WARN] Erro de rede/timeout na chamada de IA (tentativa 3/3): HTTP 429 Too Many Requests.
[2026-10-07 22:16:29] [WARN] Fallback: provedor openrouter falhou, tentando próximo
[2026-10-07 22:16:30] [WARN] Erro de rede/timeout na chamada de IA (tentativa 1/3): HTTP 429 Too Many Requests.
[2026-10-07 22:16:33] [WARN] Erro de rede/timeout na chamada de IA (tentativa 2/3): HTTP 429 Too Many Requests.
[2026-10-07 22:16:38] [WARN] Erro de rede/timeout na chamada de IA (tentativa 3/3): HTTP 429 Too Many Requests.
[2026-10-07 22:16:38] [WARN] Fallback: provedor openrouter falhou, tentando próximo
[2026-10-07 22:16:39] [WARN] Erro de rede/timeout na chamada de IA (tentativa 1/3): HTTP 429 Too Many Requests.
[2026-10-07 22:17:36] [WARN] Erro de rede/timeout na chamada de IA (tentativa 1/3): HTTP 429 Too Many Requests.
[2026-10-07 22:17:38] [WARN] Erro de rede/timeout na chamada de IA (tentativa 2/3): HTTP 429 Too Many Requests.
[2026-10-07 22:18:25] [WARN] Erro de rede/timeout na chamada de IA (tentativa 1/3): HTTP 429 Too Many Requests.
[2026-10-07 22:18:28] [WARN] Erro de rede/timeout na chamada de IA (tentativa 2/3): HTTP 429 Too Many Requests.
[2026-10-07 22:18:33] [WARN] Erro de rede/timeout na chamada de IA (tentativa 3/3): HTTP 429 Too Many Requests.
[2026-10-07 22:18:33] [WARN] Fallback: provedor openrouter falhou, tentando próximo
[2026-10-07 22:06:03] [INFO] Iniciando coleta EU Quantum Technologies via API REST...
[QUANTUM][INFO] Iniciando coleta EU Quantum Technologies via API REST...
[2026-10-07 22:06:03] [INFO] Buscando termo: 'HORIZON-JU-EUROHPC-2026'
[QUANTUM][INFO] Buscando termo: 'HORIZON-JU-EUROHPC-2026'
[2026-10-07 22:06:06] [INFO] Termo 'HORIZON-JU-EUROHPC-2026': 100 resultados brutos
[QUANTUM][INFO] Termo 'HORIZON-JU-EUROHPC-2026': 100 resultados brutos
[2026-10-07 22:06:06] [INFO] Termo 'HORIZON-JU-EUROHPC-2026': 39 itens HEU quantum acumulados
[QUANTUM][INFO] Termo 'HORIZON-JU-EUROHPC-2026': 39 itens HEU quantum acumulados
[2026-10-07 22:06:06] [INFO] Buscando termo: 'HORIZON-JU-SNS-2022'
[QUANTUM][INFO] Buscando termo: 'HORIZON-JU-SNS-2022'
[2026-10-07 22:06:08] [INFO] Termo 'HORIZON-JU-SNS-2022': 100 resultados brutos
[QUANTUM][INFO] Termo 'HORIZON-JU-SNS-2022': 100 resultados brutos
[2026-10-07 22:06:08] [INFO] Termo 'HORIZON-JU-SNS-2022': 55 itens HEU quantum acumulados
[QUANTUM][INFO] Termo 'HORIZON-JU-SNS-2022': 55 itens HEU quantum acumulados
[2026-10-07 22:06:09] [INFO] Buscando termo: 'HORIZON-CL4-2026-HUMAN'
[QUANTUM][INFO] Buscando termo: 'HORIZON-CL4-2026-HUMAN'
[2026-10-07 22:06:10] [INFO] Termo 'HORIZON-CL4-2026-HUMAN': 100 resultados brutos
[QUANTUM][INFO] Termo 'HORIZON-CL4-2026-HUMAN': 100 resultados brutos
[2026-10-07 22:06:10] [INFO] Termo 'HORIZON-CL4-2026-HUMAN': 133 itens HEU quantum acumulados
[QUANTUM][INFO] Termo 'HORIZON-CL4-2026-HUMAN': 133 itens HEU quantum acumulados
[2026-10-07 22:06:11] [INFO] Buscando termo: 'quantum'
[QUANTUM][INFO] Buscando termo: 'quantum'
[2026-10-07 22:06:13] [INFO] Termo 'quantum': 100 resultados brutos
[QUANTUM][INFO] Termo 'quantum': 100 resultados brutos
[2026-10-07 22:06:13] [INFO] Termo 'quantum': 137 itens HEU quantum acumulados
[QUANTUM][INFO] Termo 'quantum': 137 itens HEU quantum acumulados
[2026-10-07 22:06:13] [INFO] Buscando termo: 'quantum computing'
[QUANTUM][INFO] Buscando termo: 'quantum computing'
[2026-10-07 22:06:17] [INFO] Termo 'quantum computing': 100 resultados brutos
[QUANTUM][INFO] Termo 'quantum computing': 100 resultados brutos
[2026-10-07 22:06:17] [INFO] Termo 'quantum computing': 137 itens HEU quantum acumulados
[QUANTUM][INFO] Termo 'quantum computing': 137 itens HEU quantum acumulados
[2026-10-07 22:06:17] [INFO] Buscando termo: 'quantum communication'
[QUANTUM][INFO] Buscando termo: 'quantum communication'
[2026-10-07 22:06:21] [INFO] Termo 'quantum communication': 100 resultados brutos
[QUANTUM][INFO] Termo 'quantum communication': 100 resultados brutos
[2026-10-07 22:06:21] [INFO] Termo 'quantum communication': 137 itens HEU quantum acumulados
[QUANTUM][INFO] Termo 'quantum communication': 137 itens HEU quantum acumulados
[2026-10-07 22:06:22] [INFO] Buscando termo: 'quantum sensors'
[QUANTUM][INFO] Buscando termo: 'quantum sensors'
[2026-10-07 22:06:24] [INFO] Termo 'quantum sensors': 100 resultados brutos
[QUANTUM][INFO] Termo 'quantum sensors': 100 resultados brutos
[2026-10-07 22:06:24] [INFO] Termo 'quantum sensors': 137 itens HEU quantum acumulados
[QUANTUM][INFO] Termo 'quantum sensors': 137 itens HEU quantum acumulados
[2026-10-07 22:06:25] [INFO] Buscando termo: 'quantum technology'
[QUANTUM][INFO] Buscando termo: 'quantum technology'
[2026-10-07 22:06:27] [INFO] Termo 'quantum technology': 100 resultados brutos
[QUANTUM][INFO] Termo 'quantum technology': 100 resultados brutos
[2026-10-07 22:06:27] [INFO] Termo 'quantum technology': 137 itens HEU quantum acumulados
[QUANTUM][INFO] Termo 'quantum technology': 137 itens HEU quantum acumulados
[2026-10-07 22:06:27] [INFO] Deduplicando 137 itens brutos...
[QUANTUM][INFO] Deduplicando 137 itens brutos...
[2026-10-07 22:06:28] [INFO] Apos deduplicacao: 21 itens unicos
[QUANTUM][INFO] Apos deduplicacao: 21 itens unicos
[2026-10-07 22:06:28] [INFO] QUANTUM: 21 registros finais coletados
[QUANTUM][INFO] QUANTUM: 21 registros finais coletados
[2026-10-07 22:06:28] [INFO] Retornando lista com 34 registros
[QUANTUM][INFO] Retornando lista com 34 registros
[2026-10-07 22:06:29] [WARN] Erro de rede/timeout na chamada de IA (tentativa 1/3): HTTP 429 Too Many Requests.
[2026-10-07 22:06:32] [WARN] Erro de rede/timeout na chamada de IA (tentativa 2/3): HTTP 429 Too Many Requests.
[2026-10-07 22:06:37] [WARN] Erro de rede/timeout na chamada de IA (tentativa 3/3): HTTP 429 Too Many Requests.
[2026-10-07 22:06:37] [WARN] Fallback: provedor openrouter falhou, tentando próximo
[2026-10-07 22:06:38] [WARN] Erro de rede/timeout na chamada de IA (tentativa 1/3): HTTP 429 Too Many Requests.
[2026-10-07 22:06:41] [WARN] Erro de rede/timeout na chamada de IA (tentativa 2/3): HTTP 429 Too Many Requests.
[2026-10-07 22:07:34] [WARN] Erro de rede/timeout na chamada de IA (tentativa 1/3): HTTP 429 Too Many Requests.
[2026-10-07 22:07:38] [WARN] Erro de rede/timeout na chamada de IA (tentativa 2/3): HTTP 429 Too Many Requests.
[2026-10-07 22:08:39] [WARN] Erro de rede/timeout na chamada de IA (tentativa 1/3): HTTP 429 Too Many Requests.
[2026-10-07 22:09:27] [WARN] Erro de rede/timeout na chamada de IA (tentativa 1/3): HTTP 429 Too Many Requests.
[2026-10-07 22:09:29] [WARN] Erro de rede/timeout na chamada de IA (tentativa 2/3): HTTP 429 Too Many Requests.
[2026-10-07 22:09:34] [WARN] Erro de rede/timeout na chamada de IA (tentativa 3/3): HTTP 429 Too Many Requests.
[2026-10-07 22:09:34] [WARN] Fallback: provedor openrouter falhou, tentando próximo
[2026-10-07 22:09:35] [WARN] Erro de rede/timeout na chamada de IA (tentativa 1/3): HTTP 429 Too Many Requests.
[2026-10-07 22:09:38] [WARN] Erro de rede/timeout na chamada de IA (tentativa 2/3): HTTP 429 Too Many Requests.
[2026-10-07 22:11:32] [WARN] Erro de rede/timeout na chamada de IA (tentativa 1/3): HTTP 429 Too Many Requests.
[2026-10-07 22:11:35] [WARN] Erro de rede/timeout na chamada de IA (tentativa 2/3): HTTP 429 Too Many Requests.
[2026-10-07 22:12:30] [WARN] Erro de rede/timeout na chamada de IA (tentativa 1/3): HTTP 429 Too Many Requests.
[2026-10-07 22:12:33] [WARN] Erro de rede/timeout na chamada de IA (tentativa 2/3): HTTP 429 Too Many Requests.
[2026-10-07 22:12:38] [WARN] Erro de rede/timeout na chamada de IA (tentativa 3/3): HTTP 429 Too Many Requests.
[2026-10-07 22:12:38] [WARN] Fallback: provedor openrouter falhou, tentando próximo
[2026-10-07 22:12:39] [WARN] Erro de rede/timeout na chamada de IA (tentativa 1/3): HTTP 429 Too Many Requests.
[2026-10-07 22:13:17] [WARN] Erro de rede/timeout na chamada de IA (tentativa 1/3): HTTP 429 Too Many Requests.
[2026-10-07 22:13:44] [WARN] Erro de rede/timeout na chamada de IA (tentativa 1/3): HTTP 429 Too Many Requests.
[2026-10-07 22:15:00] [WARN] Erro de rede/timeout na chamada de IA (tentativa 1/3): Failed to perform HTTP request.
[2026-10-07 22:15:02] [WARN] Erro de rede/timeout na chamada de IA (tentativa 2/3): HTTP 429 Too Many Requests.
[2026-10-07 22:15:52] [WARN] Erro de rede/timeout na chamada de IA (tentativa 3/3): Failed to perform HTTP request.
[2026-10-07 22:15:52] [WARN] Fallback: provedor openrouter falhou, tentando próximo
[2026-10-07 22:16:36] [WARN] Erro de rede/timeout na chamada de IA (tentativa 1/3): HTTP 429 Too Many Requests.
[2026-10-07 22:16:39] [WARN] Erro de rede/timeout na chamada de IA (tentativa 2/3): HTTP 429 Too Many Requests.
[2026-10-07 22:17:22] [WARN] Erro de rede/timeout na chamada de IA (tentativa 1/3): HTTP 429 Too Many Requests.
[2026-10-07 22:17:26] [WARN] Erro de rede/timeout na chamada de IA (tentativa 2/3): HTTP 429 Too Many Requests.
[2026-10-07 22:17:31] [WARN] Erro de rede/timeout na chamada de IA (tentativa 3/3): HTTP 429 Too Many Requests.
[2026-10-07 22:17:31] [WARN] Fallback: provedor openrouter falhou, tentando próximo
[2026-10-07 22:17:32] [WARN] Erro de rede/timeout na chamada de IA (tentativa 1/3): HTTP 429 Too Many Requests.
[2026-10-07 22:17:35] [WARN] Erro de rede/timeout na chamada de IA (tentativa 2/3): HTTP 429 Too Many Requests.
[2026-10-07 22:17:40] [WARN] Erro de rede/timeout na chamada de IA (tentativa 3/3): HTTP 429 Too Many Requests.
[2026-10-07 22:17:40] [WARN] Fallback: provedor openrouter falhou, tentando próximo
[2026-10-07 22:17:41] [WARN] Erro de rede/timeout na chamada de IA (tentativa 1/3): HTTP 429 Too Many Requests.
[2026-10-07 22:18:29] [WARN] Erro de rede/timeout na chamada de IA (tentativa 1/3): HTTP 429 Too Many Requests.
[2026-10-07 22:18:32] [WARN] Erro de rede/timeout na chamada de IA (tentativa 2/3): HTTP 429 Too Many Requests.
[2026-10-07 22:18:38] [WARN] Erro de rede/timeout na chamada de IA (tentativa 3/3): HTTP 429 Too Many Requests.
[2026-10-07 22:18:38] [WARN] Fallback: provedor openrouter falhou, tentando próximo
[2026-10-07 22:18:39] [WARN] Erro de rede/timeout na chamada de IA (tentativa 1/3): HTTP 429 Too Many Requests.
[2026-10-07 22:19:37] [WARN] Erro de rede/timeout na chamada de IA (tentativa 1/3): HTTP 429 Too Many Requests.
[2026-10-07 22:19:40] [WARN] Erro de rede/timeout na chamada de IA (tentativa 2/3): HTTP 429 Too Many Requests.
[2026-10-07 22:07:38] [INFO] Iniciando coleta Alexander von Humboldt Foundation.
[HUMBOLDT][INFO] Iniciando coleta Alexander von Humboldt Foundation.
[2026-10-07 22:07:38] [INFO] Buscando fellowships...
[HUMBOLDT][INFO] Buscando fellowships...
[2026-10-07 22:07:40] [INFO] Filter 'schollarships': 10 programas encontrados.
[HUMBOLDT][INFO] Filter 'schollarships': 10 programas encontrados.
[2026-10-07 22:07:42] [INFO] Filter 'award': 9 programas encontrados.
[HUMBOLDT][INFO] Filter 'award': 9 programas encontrados.
[2026-10-07 22:07:43] [INFO] Total de 18 programas únicos após dedup.
[HUMBOLDT][INFO] Total de 18 programas únicos após dedup.
[2026-10-07 22:07:48] [INFO] Progresso: 5/18 detalhes coletados.
[HUMBOLDT][INFO] Progresso: 5/18 detalhes coletados.
[2026-10-07 22:07:55] [INFO] Progresso: 10/18 detalhes coletados.
[HUMBOLDT][INFO] Progresso: 10/18 detalhes coletados.
[2026-10-07 22:08:00] [INFO] Progresso: 15/18 detalhes coletados.
[HUMBOLDT][INFO] Progresso: 15/18 detalhes coletados.
[2026-10-07 22:08:03] [INFO] HUMBOLDT: 18 registros finais coletados.
[HUMBOLDT][INFO] HUMBOLDT: 18 registros finais coletados.
[2026-10-07 22:08:05] [WARN] Erro de rede/timeout na chamada de IA (tentativa 1/3): HTTP 429 Too Many Requests.
[2026-10-07 22:08:33] [WARN] Erro de rede/timeout na chamada de IA (tentativa 1/3): HTTP 429 Too Many Requests.
[2026-10-07 22:08:36] [WARN] Erro de rede/timeout na chamada de IA (tentativa 2/3): HTTP 429 Too Many Requests.
[2026-10-07 22:09:30] [WARN] Erro de rede/timeout na chamada de IA (tentativa 1/3): HTTP 429 Too Many Requests.
[2026-10-07 22:09:33] [WARN] Erro de rede/timeout na chamada de IA (tentativa 2/3): HTTP 429 Too Many Requests.
[2026-10-07 22:09:38] [WARN] Erro de rede/timeout na chamada de IA (tentativa 3/3): HTTP 429 Too Many Requests.
[2026-10-07 22:09:38] [WARN] Fallback: provedor openrouter falhou, tentando próximo
[2026-10-07 22:09:41] [WARN] Erro de rede/timeout na chamada de IA (tentativa 1/3): HTTP 429 Too Many Requests.
[2026-10-07 22:10:23] [WARN] Erro de rede/timeout na chamada de IA (tentativa 1/3): HTTP 429 Too Many Requests.
[2026-10-07 22:10:26] [WARN] Erro de rede/timeout na chamada de IA (tentativa 2/3): HTTP 429 Too Many Requests.
[2026-10-07 22:10:32] [WARN] Erro de rede/timeout na chamada de IA (tentativa 3/3): HTTP 429 Too Many Requests.
[2026-10-07 22:10:32] [WARN] Fallback: provedor openrouter falhou, tentando próximo
[2026-10-07 22:10:33] [WARN] Erro de rede/timeout na chamada de IA (tentativa 1/3): HTTP 429 Too Many Requests.
[2026-10-07 22:10:37] [WARN] Erro de rede/timeout na chamada de IA (tentativa 2/3): HTTP 429 Too Many Requests.
[2026-10-07 22:11:33] [WARN] Erro de rede/timeout na chamada de IA (tentativa 1/3): HTTP 429 Too Many Requests.
[2026-10-07 22:11:37] [WARN] Erro de rede/timeout na chamada de IA (tentativa 2/3): HTTP 429 Too Many Requests.
[2026-10-07 22:14:26] [WARN] Erro de rede/timeout na chamada de IA (tentativa 1/3): Failed to perform HTTP request.
[2026-10-07 22:15:14] [WARN] Erro de rede/timeout na chamada de IA (tentativa 2/3): Failed to perform HTTP request.
[2026-10-07 22:16:35] [WARN] Erro de rede/timeout na chamada de IA (tentativa 1/3): HTTP 429 Too Many Requests.
[2026-10-07 22:16:39] [WARN] Erro de rede/timeout na chamada de IA (tentativa 2/3): HTTP 429 Too Many Requests.
[2026-10-07 22:16:58] [WARN] Erro de rede/timeout na chamada de IA (tentativa 1/3): HTTP 429 Too Many Requests.
[2026-10-07 22:17:02] [WARN] Erro de rede/timeout na chamada de IA (tentativa 2/3): HTTP 429 Too Many Requests.
[2026-10-07 22:17:25] [WARN] Erro de rede/timeout na chamada de IA (tentativa 1/3): HTTP 429 Too Many Requests.
[2026-10-07 22:17:28] [WARN] Erro de rede/timeout na chamada de IA (tentativa 2/3): HTTP 429 Too Many Requests.
[2026-10-07 22:17:33] [WARN] Erro de rede/timeout na chamada de IA (tentativa 3/3): HTTP 429 Too Many Requests.
[2026-10-07 22:17:33] [WARN] Fallback: provedor openrouter falhou, tentando próximo
[2026-10-07 22:17:33] [WARN] Erro de rede/timeout na chamada de IA (tentativa 1/3): HTTP 429 Too Many Requests.
[2026-10-07 22:17:36] [WARN] Erro de rede/timeout na chamada de IA (tentativa 2/3): HTTP 429 Too Many Requests.
[2026-10-07 22:17:41] [WARN] Erro de rede/timeout na chamada de IA (tentativa 3/3): HTTP 429 Too Many Requests.
[2026-10-07 22:17:41] [WARN] Fallback: provedor openrouter falhou, tentando próximo
[2026-10-07 22:18:25] [WARN] Erro de rede/timeout na chamada de IA (tentativa 1/3): HTTP 429 Too Many Requests.
[2026-10-07 22:18:28] [WARN] Erro de rede/timeout na chamada de IA (tentativa 2/3): HTTP 429 Too Many Requests.
[2026-10-07 22:18:33] [WARN] Erro de rede/timeout na chamada de IA (tentativa 3/3): HTTP 429 Too Many Requests.
[2026-10-07 22:18:33] [WARN] Fallback: provedor openrouter falhou, tentando próximo
[2026-10-07 22:18:33] [WARN] Erro de rede/timeout na chamada de IA (tentativa 1/3): HTTP 429 Too Many Requests.
[2026-10-07 22:18:37] [WARN] Erro de rede/timeout na chamada de IA (tentativa 2/3): HTTP 429 Too Many Requests.
[2026-10-07 22:19:30] [WARN] Erro de rede/timeout na chamada de IA (tentativa 1/3): HTTP 429 Too Many Requests.
[2026-10-07 22:19:34] [WARN] Erro de rede/timeout na chamada de IA (tentativa 2/3): HTTP 429 Too Many Requests.
[2026-10-07 22:19:39] [WARN] Erro de rede/timeout na chamada de IA (tentativa 3/3): HTTP 429 Too Many Requests.
[2026-10-07 22:19:39] [WARN] Fallback: provedor openrouter falhou, tentando próximo
[2026-10-07 22:19:39] [WARN] Erro de rede/timeout na chamada de IA (tentativa 1/3): HTTP 429 Too Many Requests.
[2026-10-07 22:19:42] [WARN] Erro de rede/timeout na chamada de IA (tentativa 2/3): HTTP 429 Too Many Requests.
[2026-10-07 22:24:01] [WARN] Erro de rede/timeout na chamada de IA (tentativa 1/3): Failed to perform HTTP request.
[2026-10-07 22:24:49] [WARN] Erro de rede/timeout na chamada de IA (tentativa 2/3): Failed to perform HTTP request.
[2026-10-07 22:18:34] [INFO] Iniciando coleta Grants.gov (CFDA 19.040 - Public Diplomacy).
[GRANTS_GOV][INFO] Iniciando coleta Grants.gov (CFDA 19.040 - Public Diplomacy).
[2026-10-07 22:18:34] [INFO] Tentando API Grants.gov: https://simpler.grants.gov/api/opportunities/search
[GRANTS_GOV][INFO] Tentando API Grants.gov: https://simpler.grants.gov/api/opportunities/search
[2026-10-07 22:18:38] [INFO] Tentando API Grants.gov: https://simpler.grants.gov/api/v1/opportunities/search
[GRANTS_GOV][INFO] Tentando API Grants.gov: https://simpler.grants.gov/api/v1/opportunities/search
[2026-10-07 22:18:40] [INFO] Tentando API Grants.gov: https://simpler.grants.gov/api/search
[GRANTS_GOV][INFO] Tentando API Grants.gov: https://simpler.grants.gov/api/search
[2026-10-07 22:18:41] [INFO] Tentando API Grants.gov: https://simpler.grants.gov/search/api/search
[GRANTS_GOV][INFO] Tentando API Grants.gov: https://simpler.grants.gov/search/api/search
[2026-10-07 22:18:44] [INFO] Grants.gov API falhou ou vazia. Tentando HTML scraping com Playwright fallback.
[GRANTS_GOV][INFO] Grants.gov API falhou ou vazia. Tentando HTML scraping com Playwright fallback.
[2026-10-07 22:18:44] [INFO] Grants.gov HTML: buscando https://simpler.grants.gov/search?status=posted&fundingInstrumentType=grant&assistanceListingNumber=19.040&searchText=public%20diplomacy
[GRANTS_GOV][INFO] Grants.gov HTML: buscando https://simpler.grants.gov/search?status=posted&fundingInstrumentType=grant&assistanceListingNumber=19.040&searchText=public%20diplomacy
[2026-10-07 22:18:52] [INFO] Grants.gov HTML: buscando https://simpler.grants.gov/search?query=public%20diplomacy&cfda=19.040
[GRANTS_GOV][INFO] Grants.gov HTML: buscando https://simpler.grants.gov/search?query=public%20diplomacy&cfda=19.040
[2026-10-07 22:19:13] [INFO] Grants.gov HTML: buscando https://simpler.grants.gov/search
[GRANTS_GOV][INFO] Grants.gov HTML: buscando https://simpler.grants.gov/search
[2026-10-07 22:19:21] [WARN] Ambiguidade de data: '10/09/2026'
[2026-10-07 22:19:24] [WARN] Falha ao baixar PDF https://www.agriculture.senate.gov/imo/media/doc/Cooperative%20Forestry%20Assistance%20Act%20Of%201978.pdf
[2026-10-07 22:19:26] [INFO] Grants.gov HTML: 13 registros finais coletados.
[GRANTS_GOV][INFO] Grants.gov HTML: 13 registros finais coletados.
[2026-10-07 22:19:27] [WARN] Erro de rede/timeout na chamada de IA (tentativa 1/3): HTTP 429 Too Many Requests.
[2026-10-07 22:19:30] [WARN] Erro de rede/timeout na chamada de IA (tentativa 2/3): HTTP 429 Too Many Requests.
[2026-10-07 22:19:35] [WARN] Erro de rede/timeout na chamada de IA (tentativa 3/3): HTTP 429 Too Many Requests.
[2026-10-07 22:19:35] [WARN] Fallback: provedor openrouter falhou, tentando próximo
[2026-10-07 22:19:36] [WARN] Erro de rede/timeout na chamada de IA (tentativa 1/3): HTTP 429 Too Many Requests.
[2026-10-07 22:19:39] [WARN] Erro de rede/timeout na chamada de IA (tentativa 2/3): HTTP 429 Too Many Requests.
[2026-10-07 22:20:46] [WARN] Erro de rede/timeout na chamada de IA (tentativa 1/3): Failed to perform HTTP request.
[2026-10-07 22:21:33] [WARN] Erro de rede/timeout na chamada de IA (tentativa 2/3): Failed to perform HTTP request.
[2026-10-07 22:21:39] [WARN] Erro de rede/timeout na chamada de IA (tentativa 3/3): HTTP 429 Too Many Requests.
[2026-10-07 22:21:39] [WARN] Fallback: provedor openrouter falhou, tentando próximo
[2026-10-07 22:21:39] [WARN] Erro de rede/timeout na chamada de IA (tentativa 1/3): HTTP 429 Too Many Requests.
[2026-10-07 22:23:35] [WARN] Erro de rede/timeout na chamada de IA (tentativa 1/3): Failed to perform HTTP request.
[2026-10-07 22:23:38] [WARN] Erro de rede/timeout na chamada de IA (tentativa 2/3): HTTP 429 Too Many Requests.
[2026-10-07 22:24:28] [WARN] Erro de rede/timeout na chamada de IA (tentativa 3/3): Failed to perform HTTP request.
[2026-10-07 22:24:28] [WARN] Fallback: provedor openrouter falhou, tentando próximo
[2026-10-07 22:25:13] [WARN] Erro de rede/timeout na chamada de IA (tentativa 1/3): Failed to perform HTTP request.
[2026-10-07 22:25:39] [WARN] Erro de rede/timeout na chamada de IA (tentativa 1/3): HTTP 429 Too Many Requests.
[2026-10-07 22:25:42] [WARN] Erro de rede/timeout na chamada de IA (tentativa 2/3): HTTP 429 Too Many Requests.
[2026-10-07 22:28:40] [WARN] Erro de rede/timeout na chamada de IA (tentativa 1/3): Failed to perform HTTP request.
[2026-10-07 22:29:13] [WARN] Erro de rede/timeout na chamada de IA (tentativa 1/3): HTTP 429 Too Many Requests.
[2026-10-07 22:30:28] [WARN] Erro de rede/timeout na chamada de IA (tentativa 1/3): Failed to perform HTTP request.
[2026-10-07 22:30:31] [WARN] Erro de rede/timeout na chamada de IA (tentativa 2/3): HTTP 429 Too Many Requests.
[2026-10-07 22:30:37] [WARN] Erro de rede/timeout na chamada de IA (tentativa 3/3): HTTP 429 Too Many Requests.
[2026-10-07 22:30:37] [WARN] Fallback: provedor openrouter falhou, tentando próximo
[2026-10-07 22:30:38] [WARN] Erro de rede/timeout na chamada de IA (tentativa 1/3): HTTP 429 Too Many Requests.
[2026-10-07 22:30:41] [WARN] Erro de rede/timeout na chamada de IA (tentativa 2/3): HTTP 429 Too Many Requests.
[2026-10-07 22:31:25] [WARN] Erro de rede/timeout na chamada de IA (tentativa 1/3): HTTP 429 Too Many Requests.
[2026-10-07 22:31:28] [WARN] Erro de rede/timeout na chamada de IA (tentativa 2/3): HTTP 429 Too Many Requests.
[2026-10-07 22:31:33] [WARN] Erro de rede/timeout na chamada de IA (tentativa 3/3): HTTP 429 Too Many Requests.
[2026-10-07 22:31:33] [WARN] Fallback: provedor openrouter falhou, tentando próximo
[2026-10-07 22:31:34] [WARN] Erro de rede/timeout na chamada de IA (tentativa 1/3): HTTP 429 Too Many Requests.
[2026-10-07 22:31:37] [WARN] Erro de rede/timeout na chamada de IA (tentativa 2/3): HTTP 429 Too Many Requests.
[2026-10-07 22:31:42] [WARN] Erro de rede/timeout na chamada de IA (tentativa 3/3): HTTP 429 Too Many Requests.
[2026-10-07 22:31:42] [WARN] Fallback: provedor openrouter falhou, tentando próximo
[2026-10-07 22:31:43] [WARN] Erro de rede/timeout na chamada de IA (tentativa 1/3): HTTP 429 Too Many Requests.
[2026-10-07 22:31:45] [WARN] Erro de rede/timeout na chamada de IA (tentativa 2/3): HTTP 429 Too Many Requests.
[2026-10-07 22:31:51] [WARN] Erro de rede/timeout na chamada de IA (tentativa 3/3): HTTP 429 Too Many Requests.
[2026-10-07 22:31:51] [WARN] Fallback: provedor openrouter falhou, tentando próximo
[2026-10-07 22:22:28] [INFO] Iniciando coleta DOE ASCR (HPC, Quantum, AI for Science).
[DOE_ASCR][INFO] Iniciando coleta DOE ASCR (HPC, Quantum, AI for Science).
[2026-10-07 22:22:28] [INFO] Tentando carregar DOE ASCR via https://science.osti.gov/ascr/Funding-Opportunities...
[DOE_ASCR][INFO] Tentando carregar DOE ASCR via https://science.osti.gov/ascr/Funding-Opportunities...
[2026-10-07 22:22:32] [INFO] Sucesso ao carregar DOE ASCR via https://science.osti.gov/ascr/Funding-Opportunities.
[DOE_ASCR][INFO] Sucesso ao carregar DOE ASCR via https://science.osti.gov/ascr/Funding-Opportunities.
[2026-10-07 22:22:33] [INFO] DOE ASCR: 2 registros finais coletados.
[DOE_ASCR][INFO] DOE ASCR: 2 registros finais coletados.
[2026-10-07 22:23:54] [WARN] Erro de rede/timeout na chamada de IA (tentativa 1/3): Failed to perform HTTP request.
[2026-10-07 22:24:42] [WARN] Erro de rede/timeout na chamada de IA (tentativa 2/3): Failed to perform HTTP request.
[2026-10-07 22:25:33] [WARN] Erro de rede/timeout na chamada de IA (tentativa 3/3): Failed to perform HTTP request.
[2026-10-07 22:25:33] [WARN] Fallback: provedor openrouter falhou, tentando próximo
[2026-10-07 22:25:30] [INFO] Iniciando coleta NSF International Collaboration (OISE).
[NSF_INT][INFO] Iniciando coleta NSF International Collaboration (OISE).
[2026-10-07 22:26:20] [WARN] Aquisicao rejeitada para https://www.nsf.gov/funding/opportunities: empty (sem texto visível)
[2026-10-07 22:26:25] [WARN] Falha ao baixar PDF https://nsf-gov-resources.nsf.gov/files/NSF-Guidance-on-Financial-Assistance.pdf
[2026-10-07 22:26:28] [WARN] Falha ao baixar PDF https://nsf-gov-resources.nsf.gov/files/MOU-Lead-Agency-Opportunity-NSF-GACR-EOI-Form-r.pdf
[2026-10-07 22:26:38] [WARN] Falha ao baixar PDF https://nsf-gov-resources.nsf.gov/files/MOU-Lead-Agency-Opportunity-NSF-GACR-EOI-Form-r.pdf
[2026-10-07 22:26:49] [WARN] Falha ao baixar PDF https://nsf-gov-resources.nsf.gov/files/NSF-UEFISCDI-EOI-Form-r.pdf
[2026-10-07 22:26:55] [WARN] Falha ao baixar PDF https://nsf-gov-resources.nsf.gov/files/MOU-Lead-Agency-Opportunity-NSF-GACR-EOI-Form-r.pdf
[2026-10-07 22:26:55] [WARN] Aquisicao rejeitada para https://www.nsf.gov/awardsearch/: empty (sem texto visível)
[2026-10-07 22:27:16] [WARN] Falha ao baixar PDF https://nsf-gov-resources.nsf.gov/2022-11/ProposalSubmissionGuidance-Type-2EnginesProposers-508c.pdf?VersionId=aYfHYo9V1z5iDZytu1Q8OaiYZJj8Jwwp
[2026-10-07 22:27:23] [WARN] Falha ao baixar PDF https://www.nsf.gov/bfa/dfm/docs/DFM_PABGrantFAQ.pdf
[2026-10-07 22:27:27] [WARN] Falha ao baixar PDF https://www.nsf.gov/bfa/dfm/docs/DFM_PABGrantFAQ.pdf
[2026-10-07 22:27:31] [WARN] Falha ao baixar PDF https://www.nsf.gov/bfa/dfm/docs/DFM_PABGrantFAQ.pdf
[2026-10-07 22:27:36] [WARN] Falha ao baixar PDF https://www.nsf.gov/bfa/dfm/docs/DFM_PABGrantFAQ.pdf
[2026-10-07 22:27:40] [WARN] Falha ao baixar PDF https://nsf-gov-resources.nsf.gov/files/MOU-Lead-Agency-Opportunity-NSF-GACR-EOI-Form-r.pdf
[2026-10-07 22:27:41] [WARN] Aquisicao rejeitada para https://www.nsf.gov/funding/opportunities/oise: empty (sem texto visível)
[2026-10-07 22:27:47] [WARN] Falha ao baixar PDF https://nsf-gov-resources.nsf.gov/files/NSF-J-1-visa-waiver-inquiry-form.pdf
[2026-10-07 22:27:55] [WARN] Falha ao baixar PDF https://www.mgi.gov/sites/default/files/documents/materials_genome_initiative-final.pdf
[2026-10-07 22:27:56] [WARN] Falha ao baixar PDF https://nsf-gov-resources.nsf.gov/files/MOU-Lead-Agency-Opportunity-NSF-GACR-EOI-Form-r.pdf
[2026-10-07 22:27:57] [WARN] Aquisicao rejeitada para https://www.nsf.gov/sbe/programs#bcs-core-programs-fe4: empty (sem texto visível)
[2026-10-07 22:27:59] [WARN] Aquisicao rejeitada para https://www.nsf.gov/sbe/programs#ses-core-programs-a23: empty (sem texto visível)
[2026-10-07 22:28:00] [INFO] NSF International: 28 registros finais.
[NSF_INT][INFO] NSF International: 28 registros finais.
[2026-10-07 22:28:40] [WARN] Erro de rede/timeout na chamada de IA (tentativa 1/3): HTTP 429 Too Many Requests.
[2026-10-07 22:28:43] [WARN] Erro de rede/timeout na chamada de IA (tentativa 2/3): HTTP 429 Too Many Requests.
[2026-10-07 22:30:30] [WARN] Erro de rede/timeout na chamada de IA (tentativa 1/3): HTTP 429 Too Many Requests.
[2026-10-07 22:30:33] [WARN] Erro de rede/timeout na chamada de IA (tentativa 2/3): HTTP 429 Too Many Requests.
[2026-10-07 22:30:38] [WARN] Erro de rede/timeout na chamada de IA (tentativa 3/3): HTTP 429 Too Many Requests.
[2026-10-07 22:30:38] [WARN] Fallback: provedor openrouter falhou, tentando próximo
[2026-10-07 22:30:40] [WARN] Erro de rede/timeout na chamada de IA (tentativa 1/3): HTTP 429 Too Many Requests.
[2026-10-07 22:31:24] [WARN] Erro de rede/timeout na chamada de IA (tentativa 1/3): HTTP 429 Too Many Requests.
[2026-10-07 22:31:27] [WARN] Erro de rede/timeout na chamada de IA (tentativa 2/3): HTTP 429 Too Many Requests.
[2026-10-07 22:31:32] [WARN] Erro de rede/timeout na chamada de IA (tentativa 3/3): HTTP 429 Too Many Requests.
[2026-10-07 22:31:32] [WARN] Fallback: provedor openrouter falhou, tentando próximo
[2026-10-07 22:31:33] [WARN] Erro de rede/timeout na chamada de IA (tentativa 1/3): HTTP 429 Too Many Requests.
[2026-10-07 22:31:37] [WARN] Erro de rede/timeout na chamada de IA (tentativa 2/3): HTTP 429 Too Many Requests.
[2026-10-07 22:31:42] [WARN] Erro de rede/timeout na chamada de IA (tentativa 3/3): HTTP 429 Too Many Requests.
[2026-10-07 22:31:42] [WARN] Fallback: provedor openrouter falhou, tentando próximo
[2026-10-07 22:31:43] [WARN] Erro de rede/timeout na chamada de IA (tentativa 1/3): HTTP 429 Too Many Requests.
[2026-10-07 22:31:45] [WARN] Erro de rede/timeout na chamada de IA (tentativa 2/3): HTTP 429 Too Many Requests.
[2026-10-07 22:31:51] [WARN] Erro de rede/timeout na chamada de IA (tentativa 3/3): HTTP 429 Too Many Requests.
[2026-10-07 22:31:51] [WARN] Fallback: provedor openrouter falhou, tentando próximo
[2026-10-07 22:25:55] [INFO] Iniciando coleta NSF QISE International Supplements.
[NSF_QISE][INFO] Iniciando coleta NSF QISE International Supplements.
[2026-10-07 22:25:57] [INFO] NSF QISE: 1 registros finais.
[NSF_QISE][INFO] NSF QISE: 1 registros finais.
[2026-10-07 22:26:41] [WARN] Erro de rede/timeout na chamada de IA (tentativa 1/3): HTTP 429 Too Many Requests.
[2026-10-07 22:26:55] [INFO] Iniciando coleta NSF CISE (Computing, AI, HPC).
[NSF_CISE][INFO] Iniciando coleta NSF CISE (Computing, AI, HPC).
[2026-10-07 22:26:55] [INFO] Tentando NSF API: https://www.nsf.gov/api/v1/funding/search?directorate=CISE&page=1&pageSize=25
[NSF_CISE][INFO] Tentando NSF API: https://www.nsf.gov/api/v1/funding/search?directorate=CISE&page=1&pageSize=25
[2026-10-07 22:26:57] [INFO] Tentando NSF API: https://www.nsf.gov/funding/api/search?directorate=CISE
[NSF_CISE][INFO] Tentando NSF API: https://www.nsf.gov/funding/api/search?directorate=CISE
[2026-10-07 22:26:59] [INFO] Tentando NSF API: https://api.nsf.gov/services/v1/awards.json?keyword=CISE&printFields=id,title,fundsObligatedAmt,awardTitle,date&offset=0
[NSF_CISE][INFO] Tentando NSF API: https://api.nsf.gov/services/v1/awards.json?keyword=CISE&printFields=id,title,fundsObligatedAmt,awardTitle,date&offset=0
[2026-10-07 22:27:01] [INFO] NSF CISE API falhou. Tentando HTML scraping diretorate CISE.
[NSF_CISE][INFO] NSF CISE API falhou. Tentando HTML scraping diretorate CISE.
[2026-10-07 22:27:03] [WARN] Aquisicao rejeitada para https://www.nsf.gov/funding/opportunities: empty (sem texto visível)
[2026-10-07 22:27:08] [WARN] Aquisicao rejeitada para https://www.nsf.gov/funding/opportunities/bio: empty (sem texto visível)
[2026-10-07 22:27:16] [WARN] Aquisicao rejeitada para https://www.nsf.gov/funding/opportunities/cise: empty (sem texto visível)
[2026-10-07 22:27:30] [WARN] Aquisicao rejeitada para https://www.nsf.gov/funding/opportunities/eng: empty (sem texto visível)
[2026-10-07 22:27:32] [WARN] Aquisicao rejeitada para https://www.nsf.gov/funding/opportunities/geo: empty (sem texto visível)
[2026-10-07 22:27:34] [WARN] Aquisicao rejeitada para https://www.nsf.gov/funding/opportunities/oia: empty (sem texto visível)
[2026-10-07 22:27:36] [WARN] Aquisicao rejeitada para https://www.nsf.gov/funding/opportunities/oise: empty (sem texto visível)
[2026-10-07 22:27:38] [WARN] Aquisicao rejeitada para https://www.nsf.gov/funding/opportunities/mps: empty (sem texto visível)
[2026-10-07 22:27:40] [WARN] Aquisicao rejeitada para https://www.nsf.gov/funding/opportunities/sbe: empty (sem texto visível)
[2026-10-07 22:27:42] [WARN] Aquisicao rejeitada para https://www.nsf.gov/funding/opportunities/edu: empty (sem texto visível)
[2026-10-07 22:27:44] [WARN] Aquisicao rejeitada para https://www.nsf.gov/funding/opportunities/tip: empty (sem texto visível)
[2026-10-07 22:27:45] [INFO] NSF CISE: 1 registros finais.
[NSF_CISE][INFO] NSF CISE: 1 registros finais.
[2026-10-07 22:28:30] [WARN] Erro de rede/timeout na chamada de IA (tentativa 1/3): Failed to perform HTTP request.
[2026-10-07 22:28:33] [WARN] Erro de rede/timeout na chamada de IA (tentativa 2/3): HTTP 429 Too Many Requests.
[2026-10-07 22:28:38] [WARN] Erro de rede/timeout na chamada de IA (tentativa 3/3): HTTP 429 Too Many Requests.
[2026-10-07 22:28:38] [WARN] Fallback: provedor openrouter falhou, tentando próximo
[2026-10-07 22:28:39] [INFO] Iniciando coleta DOE Quantum Genesis Initiative.
[DOE_QGENESIS][INFO] Iniciando coleta DOE Quantum Genesis Initiative.
PDF error: Invalid Font Weight
PDF error: Invalid Font Weight
PDF error: Invalid Font Weight
PDF error: Invalid Font Weight
PDF error: Invalid Font Weight
PDF error: Invalid Font Weight
PDF error: Invalid Font Weight
PDF error: Invalid Font Weight
PDF error: Invalid Font Weight
PDF error: Invalid Font Weight
PDF error: Invalid Font Weight
PDF error: Invalid Font Weight
PDF error: Invalid Font Weight
PDF error: Invalid Font Weight
PDF error: Invalid Font Weight
PDF error: Invalid Font Weight
PDF error: Invalid Font Weight
PDF error: Invalid Font Weight
PDF error: Invalid Font Weight
PDF error: Invalid Font Weight
PDF error: Invalid Font Weight
PDF error: Invalid Font Weight
PDF error: Invalid Font Weight
PDF error: Invalid Font Weight
PDF error: Invalid Font Weight
PDF error: Invalid Font Weight
PDF error: Invalid Font Weight
PDF error: Invalid Font Weight
PDF error: Invalid Font Weight
PDF error: Invalid Font Weight
PDF error: Invalid Font Weight
PDF error: Invalid Font Weight
PDF error: Invalid Font Weight
PDF error: Invalid Font Weight
PDF error: Invalid Font Weight
PDF error: Invalid Font Weight
PDF error: Invalid Font Weight
PDF error: Invalid Font Weight
PDF error: Invalid Font Weight
PDF error: Invalid Font Weight
PDF error: Invalid Font Weight
PDF error: Invalid Font Weight
PDF error: Invalid Font Weight
PDF error: Invalid Font Weight
PDF error: Invalid Font Weight
PDF error: Invalid Font Weight
PDF error: Invalid Font Weight
PDF error: Invalid Font Weight
PDF error: Invalid Font Weight
PDF error: Invalid Font Weight
PDF error: Invalid Font Weight
PDF error: Invalid Font Weight
PDF error: Invalid Font Weight
PDF error: Invalid Font Weight
PDF error: Invalid Font Weight
PDF error: Invalid Font Weight
PDF error: Invalid Font Weight
PDF error: Invalid Font Weight
PDF error: Invalid Font Weight
PDF error: Invalid Font Weight
PDF error: Invalid Font Weight
PDF error: Invalid Font Weight
PDF error: Invalid Font Weight
PDF error: Invalid Font Weight
PDF error: Invalid Font Weight
PDF error: Invalid Font Weight
PDF error: Invalid Font Weight
PDF error: Invalid Font Weight
PDF error: Invalid Font Weight
PDF error: Invalid Font Weight
PDF error: Invalid Font Weight
PDF error: Invalid Font Weight
PDF error: Invalid Font Weight
PDF error: Invalid Font Weight
PDF error: Invalid Font Weight
PDF error: Invalid Font Weight
PDF error: Invalid Font Weight
PDF error: Invalid Font Weight
PDF error: Invalid Font Weight
PDF error: Invalid Font Weight
PDF error: Invalid Font Weight
PDF error: Invalid Font Weight
PDF error: Invalid Font Weight
PDF error: Invalid Font Weight
PDF error: Invalid Font Weight
PDF error: Invalid Font Weight
PDF error: Invalid Font Weight
PDF error: Invalid Font Weight
PDF error: Invalid Font Weight
PDF error: Invalid Font Weight
[2026-10-07 22:29:20] [WARN] Erro de execucao Playwright: too few arguments
[2026-10-07 22:29:35] [WARN] Erro de execucao Playwright: too few arguments
[2026-10-07 22:29:50] [WARN] Erro de execucao Playwright: too few arguments
[2026-10-07 22:30:18] [WARN] Falha ao baixar PDF https://www.energy.gov/sites/default/files/2023-07/DOE Public Access Plan 2023 - Final.pdf
[2026-10-07 22:30:41] [WARN] Falha ao baixar PDF https://cms.doe.gov/sites/default/files/2025-03/1.1%20Pre%20-%20Counseling%20Intake%20Form%20Rev%2011%20FEB%202025_0.pdf
[2026-10-07 22:30:45] [WARN] Falha ao baixar PDF https://www.whitehouse.gov/wp-content/uploads/legacy_drupal_files/omb/assets/OMB/fedreg/reproducible2.pdf
[2026-10-07 22:31:02] [INFO] DOE Quantum Genesis: 6 registros finais.
[DOE_QGENESIS][INFO] DOE Quantum Genesis: 6 registros finais.
[2026-10-07 22:31:22] [WARN] Erro de rede/timeout na chamada de IA (tentativa 1/3): HTTP 429 Too Many Requests.
[2026-10-07 22:31:25] [WARN] Erro de rede/timeout na chamada de IA (tentativa 2/3): HTTP 429 Too Many Requests.
[2026-10-07 22:31:30] [WARN] Erro de rede/timeout na chamada de IA (tentativa 3/3): HTTP 429 Too Many Requests.
[2026-10-07 22:31:30] [WARN] Fallback: provedor openrouter falhou, tentando próximo
[2026-10-07 22:31:30] [WARN] Erro de rede/timeout na chamada de IA (tentativa 1/3): HTTP 429 Too Many Requests.
[2026-10-07 22:31:34] [WARN] Erro de rede/timeout na chamada de IA (tentativa 2/3): HTTP 429 Too Many Requests.
[2026-10-07 22:31:39] [WARN] Erro de rede/timeout na chamada de IA (tentativa 3/3): HTTP 429 Too Many Requests.
[2026-10-07 22:31:39] [WARN] Fallback: provedor openrouter falhou, tentando próximo
[2026-10-07 22:31:39] [WARN] Erro de rede/timeout na chamada de IA (tentativa 1/3): HTTP 429 Too Many Requests.
[2026-10-07 22:31:43] [WARN] Erro de rede/timeout na chamada de IA (tentativa 2/3): HTTP 429 Too Many Requests.
[2026-10-07 22:33:43] [WARN] Erro de rede/timeout na chamada de IA (tentativa 1/3): HTTP 429 Too Many Requests.
[2026-10-07 22:31:51] [INFO] Iniciando coleta DOE Genesis Mission.
[DOE_GENESIS][INFO] Iniciando coleta DOE Genesis Mission.
PDF error: Invalid Font Weight
PDF error: Invalid Font Weight
PDF error: Invalid Font Weight
PDF error: Invalid Font Weight
PDF error: Invalid Font Weight
PDF error: Invalid Font Weight
PDF error: Invalid Font Weight
PDF error: Invalid Font Weight
PDF error: Invalid Font Weight
PDF error: Invalid Font Weight
PDF error: Invalid Font Weight
PDF error: Invalid Font Weight
PDF error: Invalid Font Weight
PDF error: Invalid Font Weight
PDF error: Invalid Font Weight
PDF error: Invalid Font Weight
PDF error: Invalid Font Weight
PDF error: Invalid Font Weight
PDF error: Invalid Font Weight
PDF error: Invalid Font Weight
PDF error: Invalid Font Weight
PDF error: Invalid Font Weight
PDF error: Invalid Font Weight
PDF error: Invalid Font Weight
PDF error: Invalid Font Weight
PDF error: Invalid Font Weight
PDF error: Invalid Font Weight
PDF error: Invalid Font Weight
PDF error: Invalid Font Weight
PDF error: Invalid Font Weight
PDF error: Invalid Font Weight
PDF error: Invalid Font Weight
PDF error: Invalid Font Weight
PDF error: Invalid Font Weight
PDF error: Invalid Font Weight
PDF error: Invalid Font Weight
PDF error: Invalid Font Weight
PDF error: Invalid Font Weight
PDF error: Invalid Font Weight
PDF error: Invalid Font Weight
PDF error: Invalid Font Weight
PDF error: Invalid Font Weight
PDF error: Invalid Font Weight
PDF error: Invalid Font Weight
PDF error: Invalid Font Weight
PDF error: Invalid Font Weight
PDF error: Invalid Font Weight
PDF error: Invalid Font Weight
PDF error: Invalid Font Weight
PDF error: Invalid Font Weight
PDF error: Invalid Font Weight
PDF error: Invalid Font Weight
PDF error: Invalid Font Weight
PDF error: Invalid Font Weight
PDF error: Invalid Font Weight
PDF error: Invalid Font Weight
PDF error: Invalid Font Weight
PDF error: Invalid Font Weight
PDF error: Invalid Font Weight
PDF error: Invalid Font Weight
PDF error: Invalid Font Weight
PDF error: Invalid Font Weight
PDF error: Invalid Font Weight
PDF error: Invalid Font Weight
PDF error: Invalid Font Weight
PDF error: Invalid Font Weight
PDF error: Invalid Font Weight
PDF error: Invalid Font Weight
PDF error: Invalid Font Weight
PDF error: Invalid Font Weight
PDF error: Invalid Font Weight
PDF error: Invalid Font Weight
PDF error: Invalid Font Weight
PDF error: Invalid Font Weight
PDF error: Invalid Font Weight
PDF error: Invalid Font Weight
PDF error: Invalid Font Weight
PDF error: Invalid Font Weight
PDF error: Invalid Font Weight
PDF error: Invalid Font Weight
PDF error: Invalid Font Weight
PDF error: Invalid Font Weight
PDF error: Invalid Font Weight
PDF error: Invalid Font Weight
PDF error: Invalid Font Weight
PDF error: Invalid Font Weight
PDF error: Invalid Font Weight
PDF error: Invalid Font Weight
PDF error: Invalid Font Weight
PDF error: Invalid Font Weight
[2026-10-07 22:32:36] [WARN] Erro de execucao Playwright: too few arguments
[2026-10-07 22:32:54] [WARN] Erro de execucao Playwright: too few arguments
[2026-10-07 22:33:07] [WARN] Erro de execucao Playwright: too few arguments
[2026-10-07 22:33:22] [WARN] Falha ao baixar PDF https://www.energy.gov/sites/default/files/2023-07/DOE Public Access Plan 2023 - Final.pdf
[2026-10-07 22:33:44] [WARN] Falha ao baixar PDF https://cms.doe.gov/sites/default/files/2025-03/1.1%20Pre%20-%20Counseling%20Intake%20Form%20Rev%2011%20FEB%202025_0.pdf
[2026-10-07 22:33:48] [WARN] Falha ao baixar PDF https://www.whitehouse.gov/wp-content/uploads/legacy_drupal_files/omb/assets/OMB/fedreg/reproducible2.pdf
[2026-10-07 22:34:05] [INFO] DOE Genesis: 6 registros finais.
[DOE_GENESIS][INFO] DOE Genesis: 6 registros finais.
[2026-10-07 22:34:35] [WARN] Erro de rede/timeout na chamada de IA (tentativa 1/3): HTTP 429 Too Many Requests.
[2026-10-07 22:34:38] [WARN] Erro de rede/timeout na chamada de IA (tentativa 2/3): HTTP 429 Too Many Requests.
[2026-10-07 22:34:43] [WARN] Erro de rede/timeout na chamada de IA (tentativa 3/3): HTTP 429 Too Many Requests.
[2026-10-07 22:34:43] [WARN] Fallback: provedor openrouter falhou, tentando próximo
[2026-10-07 22:34:43] [WARN] Erro de rede/timeout na chamada de IA (tentativa 1/3): HTTP 429 Too Many Requests.
[2026-10-07 22:34:46] [WARN] Erro de rede/timeout na chamada de IA (tentativa 2/3): HTTP 429 Too Many Requests.
[2026-10-07 22:35:36] [WARN] Erro de rede/timeout na chamada de IA (tentativa 3/3): Failed to perform HTTP request.
[2026-10-07 22:35:36] [WARN] Fallback: provedor openrouter falhou, tentando próximo
[2026-10-07 22:35:36] [WARN] Erro de rede/timeout na chamada de IA (tentativa 1/3): HTTP 429 Too Many Requests.
[2026-10-07 22:35:40] [WARN] Erro de rede/timeout na chamada de IA (tentativa 2/3): HTTP 429 Too Many Requests.
[2026-10-07 22:35:46] [WARN] Erro de rede/timeout na chamada de IA (tentativa 3/3): HTTP 429 Too Many Requests.
[2026-10-07 22:35:46] [WARN] Fallback: provedor openrouter falhou, tentando próximo
[2026-10-07 22:32:00] [INFO] Iniciando coleta NSF NQNI (nsf26-505).
[NSF_NQNI][INFO] Iniciando coleta NSF NQNI (nsf26-505).
[2026-10-07 22:32:04] [WARN] Falha ao baixar PDF https://nnci.net/sites/default/files/inline-files/2023_FutureNanotechnologyInfrastructure_WhitePaper_FINAL.pdf
[2026-10-07 22:32:05] [INFO] NSF NQNI: 1 registros finais.
[NSF_NQNI][INFO] NSF NQNI: 1 registros finais.
[2026-10-07 22:32:05] [WARN] Erro de rede/timeout na chamada de IA (tentativa 1/3): HTTP 429 Too Many Requests.
[2026-10-07 22:32:34] [WARN] Erro de rede/timeout na chamada de IA (tentativa 1/3): HTTP 429 Too Many Requests.
[2026-10-07 22:32:37] [WARN] Erro de rede/timeout na chamada de IA (tentativa 2/3): HTTP 429 Too Many Requests.
[2026-10-07 22:32:42] [WARN] Erro de rede/timeout na chamada de IA (tentativa 3/3): HTTP 429 Too Many Requests.
[2026-10-07 22:32:42] [WARN] Fallback: provedor openrouter falhou, tentando próximo
[2026-10-07 22:32:42] [INFO] Iniciando coleta DARPA Quantum Benchmarking Initiative.
[DARPA_QBI][INFO] Iniciando coleta DARPA Quantum Benchmarking Initiative.
[2026-10-07 22:32:56] [WARN] Erro de execucao Playwright: too few arguments
[2026-10-07 22:33:17] [WARN] Erro de execucao Playwright: too few arguments
[2026-10-07 22:33:30] [INFO] DARPA QBI: 6 registros finais.
[DARPA_QBI][INFO] DARPA QBI: 6 registros finais.
[2026-10-07 22:33:31] [WARN] Erro de rede/timeout na chamada de IA (tentativa 1/3): HTTP 429 Too Many Requests.
[2026-10-07 22:33:34] [WARN] Erro de rede/timeout na chamada de IA (tentativa 2/3): HTTP 429 Too Many Requests.
[2026-10-07 22:33:40] [WARN] Erro de rede/timeout na chamada de IA (tentativa 3/3): HTTP 429 Too Many Requests.
[2026-10-07 22:33:40] [WARN] Fallback: provedor openrouter falhou, tentando próximo
[2026-10-07 22:33:41] [WARN] Erro de rede/timeout na chamada de IA (tentativa 1/3): HTTP 429 Too Many Requests.
[2026-10-07 22:34:39] [WARN] Erro de rede/timeout na chamada de IA (tentativa 1/3): HTTP 429 Too Many Requests.
[2026-10-07 22:34:42] [WARN] Erro de rede/timeout na chamada de IA (tentativa 2/3): HTTP 429 Too Many Requests.
[2026-10-07 22:36:10] [WARN] Erro de rede/timeout na chamada de IA (tentativa 1/3): Failed to perform HTTP request.
[2026-10-07 22:37:39] [WARN] Erro de rede/timeout na chamada de IA (tentativa 1/3): Failed to perform HTTP request.
[2026-10-07 22:38:27] [WARN] Erro de rede/timeout na chamada de IA (tentativa 2/3): Failed to perform HTTP request.
[2026-10-07 22:39:17] [WARN] Erro de rede/timeout na chamada de IA (tentativa 3/3): Failed to perform HTTP request.
[2026-10-07 22:39:17] [WARN] Fallback: provedor openrouter falhou, tentando próximo
[2026-10-07 22:40:02] [WARN] Erro de rede/timeout na chamada de IA (tentativa 1/3): Failed to perform HTTP request.
[2026-10-07 22:40:50] [WARN] Erro de rede/timeout na chamada de IA (tentativa 2/3): Failed to perform HTTP request.
[2026-10-07 22:42:31] [WARN] Erro de rede/timeout na chamada de IA (tentativa 1/3): Failed to perform HTTP request.
[2026-10-07 22:34:30] [INFO] [FINEP Aero] Iniciando coleta FINEP Aeroespacial e Defesa...
[2026-10-07 22:34:30] [INFO] Iniciando coleta FINEP via API REST...
[FINEP][INFO] Iniciando coleta FINEP via API REST...
[2026-10-07 22:34:30] [INFO] Buscando página 1: https://www.finep.gov.br/o/c/chamadapublicas?sort=dataDePublicacao:desc&page=1&pageSize=250
[FINEP][INFO] Buscando página 1: https://www.finep.gov.br/o/c/chamadapublicas?sort=dataDePublicacao:desc&page=1&pageSize=250
[2026-10-07 22:34:31] [INFO] Total de registros: 478
[FINEP][INFO] Total de registros: 478
[2026-10-07 22:34:31] [INFO] Página 1: 250 itens total, 34 filtrados (Aberta)
[FINEP][INFO] Página 1: 250 itens total, 34 filtrados (Aberta)
[2026-10-07 22:34:31] [INFO] Buscando página 2: https://www.finep.gov.br/o/c/chamadapublicas?sort=dataDePublicacao:desc&page=2&pageSize=250
[FINEP][INFO] Buscando página 2: https://www.finep.gov.br/o/c/chamadapublicas?sort=dataDePublicacao:desc&page=2&pageSize=250
[2026-10-07 22:34:32] [INFO] Página 2: 228 itens total, 0 filtrados (Aberta)
[FINEP][INFO] Página 2: 228 itens total, 0 filtrados (Aberta)
[2026-10-07 22:34:32] [INFO] Total de itens coletados (Aberta): 34
[FINEP][INFO] Total de itens coletados (Aberta): 34
[2026-10-07 22:34:33] [INFO] FINEP: 34 registros finais coletados
[FINEP][INFO] FINEP: 34 registros finais coletados
[2026-10-07 22:34:33] [WARN] Erro de rede/timeout na chamada de IA (tentativa 1/3): HTTP 429 Too Many Requests.
[2026-10-07 22:34:36] [WARN] Erro de rede/timeout na chamada de IA (tentativa 2/3): HTTP 429 Too Many Requests.
[2026-10-07 22:34:42] [WARN] Erro de rede/timeout na chamada de IA (tentativa 3/3): HTTP 429 Too Many Requests.
[2026-10-07 22:34:42] [WARN] Fallback: provedor openrouter falhou, tentando próximo
[2026-10-07 22:34:42] [WARN] Erro de rede/timeout na chamada de IA (tentativa 1/3): HTTP 429 Too Many Requests.
[2026-10-07 22:35:44] [WARN] Erro de rede/timeout na chamada de IA (tentativa 1/3): HTTP 429 Too Many Requests.
[2026-10-07 22:36:31] [WARN] Erro de rede/timeout na chamada de IA (tentativa 2/3): Failed to perform HTTP request.
[2026-10-07 22:37:57] [WARN] Erro de rede/timeout na chamada de IA (tentativa 1/3): Failed to perform HTTP request.
[2026-10-07 22:38:44] [WARN] Erro de rede/timeout na chamada de IA (tentativa 2/3): Failed to perform HTTP request.
[2026-10-07 22:39:34] [WARN] Erro de rede/timeout na chamada de IA (tentativa 3/3): Failed to perform HTTP request.
[2026-10-07 22:39:34] [WARN] Fallback: provedor openrouter falhou, tentando próximo
[2026-10-07 22:36:34] [WARN] Erro de rede/timeout na chamada de IA (tentativa 1/3): Failed to perform HTTP request.
[2026-10-07 22:37:57] [WARN] Erro de rede/timeout na chamada de IA (tentativa 1/3): Failed to perform HTTP request.
[2026-10-07 22:38:45] [WARN] Erro de rede/timeout na chamada de IA (tentativa 2/3): Failed to perform HTTP request.
[2026-10-07 22:39:34] [WARN] Erro de rede/timeout na chamada de IA (tentativa 3/3): Failed to perform HTTP request.
[2026-10-07 22:39:34] [WARN] Fallback: provedor openrouter falhou, tentando próximo
[2026-10-07 22:40:19] [WARN] Erro de rede/timeout na chamada de IA (tentativa 1/3): Failed to perform HTTP request.
[2026-10-07 22:41:07] [WARN] Erro de rede/timeout na chamada de IA (tentativa 2/3): Failed to perform HTTP request.
[2026-10-07 22:41:56] [WARN] Erro de rede/timeout na chamada de IA (tentativa 3/3): Failed to perform HTTP request.
[2026-10-07 22:41:56] [WARN] Fallback: provedor openrouter falhou, tentando próximo
[2026-10-07 22:42:42] [WARN] Erro de rede/timeout na chamada de IA (tentativa 1/3): Failed to perform HTTP request.
[2026-10-07 22:42:45] [WARN] Erro de rede/timeout na chamada de IA (tentativa 2/3): HTTP 429 Too Many Requests.
[2026-10-07 22:43:37] [WARN] Erro de rede/timeout na chamada de IA (tentativa 1/3): HTTP 429 Too Many Requests.
[2026-10-07 22:43:41] [WARN] Erro de rede/timeout na chamada de IA (tentativa 2/3): HTTP 429 Too Many Requests.
[2026-10-07 22:43:46] [WARN] Erro de rede/timeout na chamada de IA (tentativa 3/3): HTTP 429 Too Many Requests.
[2026-10-07 22:43:46] [WARN] Fallback: provedor openrouter falhou, tentando próximo
[2026-10-07 22:44:43] [WARN] Erro de rede/timeout na chamada de IA (tentativa 1/3): HTTP 429 Too Many Requests.
[2026-10-07 22:36:41] [WARN] Erro de rede/timeout na chamada de IA (tentativa 1/3): Failed to perform HTTP request.
[2026-10-07 22:36:44] [WARN] Erro de rede/timeout na chamada de IA (tentativa 2/3): HTTP 429 Too Many Requests.
[2026-10-07 22:38:14] [WARN] Erro de rede/timeout na chamada de IA (tentativa 1/3): Failed to perform HTTP request.
[2026-10-07 22:39:01] [WARN] Erro de rede/timeout na chamada de IA (tentativa 2/3): Failed to perform HTTP request.
[2026-10-07 22:39:51] [WARN] Erro de rede/timeout na chamada de IA (tentativa 3/3): Failed to perform HTTP request.
[2026-10-07 22:39:51] [WARN] Fallback: provedor openrouter falhou, tentando próximo
[2026-10-07 22:40:36] [WARN] Erro de rede/timeout na chamada de IA (tentativa 1/3): Failed to perform HTTP request.
[2026-10-07 22:40:39] [WARN] Erro de rede/timeout na chamada de IA (tentativa 2/3): HTTP 429 Too Many Requests.
[2026-10-07 22:40:44] [WARN] Erro de rede/timeout na chamada de IA (tentativa 3/3): HTTP 429 Too Many Requests.
[2026-10-07 22:40:45] [WARN] Fallback: provedor openrouter falhou, tentando próximo
[2026-10-07 22:41:30] [WARN] Erro de rede/timeout na chamada de IA (tentativa 1/3): Failed to perform HTTP request.
[2026-10-07 22:41:33] [WARN] Erro de rede/timeout na chamada de IA (tentativa 2/3): HTTP 429 Too Many Requests.
[2026-10-07 22:41:39] [WARN] Erro de rede/timeout na chamada de IA (tentativa 3/3): HTTP 429 Too Many Requests.
[2026-10-07 22:41:39] [WARN] Fallback: provedor openrouter falhou, tentando próximo
[2026-10-07 22:39:34] [INFO] [CODEVASF] Iniciando coleta CODEVASF (Sertão & Bacia do São Francisco)...
[2026-10-07 22:39:37] [INFO] [CODEVASF] CODEVASF: 1 registros finais coletados.
[2026-10-07 22:39:38] [WARN] Erro de rede/timeout na chamada de IA (tentativa 1/3): HTTP 429 Too Many Requests.
[2026-10-07 22:39:41] [WARN] Erro de rede/timeout na chamada de IA (tentativa 2/3): HTTP 429 Too Many Requests.
[2026-10-07 22:40:31] [WARN] Erro de rede/timeout na chamada de IA (tentativa 3/3): Failed to perform HTTP request.
[2026-10-07 22:40:31] [WARN] Fallback: provedor openrouter falhou, tentando próximo
[2026-10-07 22:40:36] [INFO] [SUDENE] Iniciando coleta SUDENE...
[2026-10-07 22:40:37] [INFO] [SUDENE] SUDENE: 1 registros finais coletados.
[2026-10-07 22:40:38] [WARN] Erro de rede/timeout na chamada de IA (tentativa 1/3): HTTP 429 Too Many Requests.
[2026-10-07 22:40:41] [WARN] Erro de rede/timeout na chamada de IA (tentativa 2/3): HTTP 429 Too Many Requests.
[2026-10-07 22:41:30] [WARN] Erro de rede/timeout na chamada de IA (tentativa 3/3): Failed to perform HTTP request.
[2026-10-07 22:41:30] [WARN] Fallback: provedor openrouter falhou, tentando próximo
[2026-10-07 22:41:31] [INFO] Iniciando coleta NEH (National Endowment for the Humanities).
[NEH][INFO] Iniciando coleta NEH (National Endowment for the Humanities).
[2026-10-07 22:41:33] [WARN] Erro de rede/timeout na chamada de IA (tentativa 1/3): HTTP 429 Too Many Requests.
[2026-10-07 22:41:37] [WARN] Erro de rede/timeout na chamada de IA (tentativa 2/3): HTTP 429 Too Many Requests.
[2026-10-07 22:41:42] [WARN] Erro de rede/timeout na chamada de IA (tentativa 3/3): HTTP 429 Too Many Requests.
[2026-10-07 22:41:42] [WARN] Fallback: provedor openrouter falhou, tentando próximo
[2026-10-07 22:42:32] [WARN] Erro de rede/timeout na chamada de IA (tentativa 1/3): Failed to perform HTTP request.
[2026-10-07 22:42:35] [WARN] Erro de rede/timeout na chamada de IA (tentativa 2/3): HTTP 429 Too Many Requests.
[2026-10-07 22:42:40] [WARN] Erro de rede/timeout na chamada de IA (tentativa 3/3): HTTP 429 Too Many Requests.
[2026-10-07 22:42:40] [WARN] Fallback: provedor openrouter falhou, tentando próximo
[2026-10-07 22:42:40] [WARN] Erro de rede/timeout na chamada de IA (tentativa 1/3): HTTP 429 Too Many Requests.
[2026-10-07 22:42:43] [WARN] Erro de rede/timeout na chamada de IA (tentativa 2/3): HTTP 429 Too Many Requests.
[2026-10-07 22:43:33] [WARN] Erro de rede/timeout na chamada de IA (tentativa 1/3): HTTP 429 Too Many Requests.
[2026-10-07 22:43:36] [WARN] Erro de rede/timeout na chamada de IA (tentativa 2/3): HTTP 429 Too Many Requests.
[2026-10-07 22:43:42] [WARN] Erro de rede/timeout na chamada de IA (tentativa 3/3): HTTP 429 Too Many Requests.
[2026-10-07 22:43:42] [WARN] Fallback: provedor openrouter falhou, tentando próximo
[2026-10-07 22:43:42] [WARN] Erro de rede/timeout na chamada de IA (tentativa 1/3): HTTP 429 Too Many Requests.
[2026-10-07 22:41:46] [INFO] Bloqueio de CDN/CAPTCHA (status 200) detectado via httr2 para https://business.esa.int/funding. Acionando fallbacks...
[2026-10-07 22:41:46] [WARN] Erro de execucao Playwright: too few arguments
[2026-10-07 22:41:49] [WARN] Bloqueio de CDN/CAPTCHA detectado via Chromote para https://business.esa.int/funding.
[2026-10-07 22:41:49] [WARN] Falha ao requisitar https://business.esa.int/funding apos tentar todos os metodos (httr2, Playwright, Chromote Stealth)
[2026-10-07 22:41:49] [ERROR] Collector 'Generic HTML scraper' falhou para esa_solutions: Erro ao carregar a pagina inicial: https://business.esa.int/funding (network_error)
[2026-10-07 22:41:52] [WARN] Erro de execucao Playwright: too few arguments
[2026-10-07 22:43:12] [WARN] Erro de execucao Playwright: too few arguments
[2026-10-07 22:43:17] [WARN] Erro de execucao Playwright: too few arguments
[2026-10-07 22:43:22] [WARN] Erro de execucao Playwright: too few arguments
[2026-10-07 22:43:29] [WARN] Erro de execucao Playwright: too few arguments
[2026-10-07 22:43:37] [WARN] Erro de execucao Playwright: too few arguments
[2026-10-07 22:43:45] [WARN] Erro de execucao Playwright: too few arguments
[2026-10-07 22:43:51] [WARN] Erro de execucao Playwright: too few arguments
[2026-10-07 22:44:03] [WARN] Ambiguidade de data: '6/3/2025'
[2026-10-07 22:44:03] [WARN] Ambiguidade de data: '6/5/2025'
[2026-10-07 22:44:03] [WARN] Ambiguidade de data: '6/10/2025'
[2026-10-07 22:44:03] [WARN] Ambiguidade de data: '6/12/2025'
[2026-10-07 22:44:03] [WARN] Ambiguidade de data: '4/11/24'
[2026-10-07 22:44:03] [WARN] Ambiguidade de data: '5/1/24'
[2026-10-07 22:44:05] [WARN] Erro de execucao Playwright: too few arguments
[2026-10-07 22:44:14] [WARN] Erro de execucao Playwright: too few arguments
[2026-10-07 22:44:34] [WARN] Erro de execucao Playwright: too few arguments
[2026-10-07 22:44:43] [WARN] Erro de execucao Playwright: too few arguments
[2026-10-07 22:44:49] [WARN] Erro de execucao Playwright: too few arguments
[2026-10-07 22:44:55] [WARN] Erro de execucao Playwright: too few arguments
[2026-10-07 22:45:02] [WARN] Erro de execucao Playwright: too few arguments
[2026-10-07 22:45:08] [WARN] Erro de execucao Playwright: too few arguments
[2026-10-07 22:46:27] [WARN] Erro de execucao Playwright: too few arguments
[2026-10-07 22:46:31] [WARN] Erro de execucao Playwright: too few arguments
[2026-10-07 22:46:41] [WARN] Erro de execucao Playwright: too few arguments
[2026-10-07 22:47:46] [WARN] Erro de rede/timeout na chamada de IA (tentativa 1/3): HTTP 429 Too Many Requests.
[2026-10-07 22:50:10] [WARN] Erro de rede/timeout na chamada de IA (tentativa 1/3): Failed to perform HTTP request.
[2026-10-07 22:50:56] [WARN] Erro de rede/timeout na chamada de IA (tentativa 1/3): HTTP 429 Too Many Requests.
[2026-10-07 22:51:44] [WARN] Erro de rede/timeout na chamada de IA (tentativa 2/3): Failed to perform HTTP request.
[2026-10-07 22:52:34] [WARN] Erro de rede/timeout na chamada de IA (tentativa 3/3): Failed to perform HTTP request.
[2026-10-07 22:52:34] [WARN] Fallback: provedor openrouter falhou, tentando próximo
[2026-10-07 22:53:21] [WARN] Erro de rede/timeout na chamada de IA (tentativa 1/3): Failed to perform HTTP request.
[2026-10-07 22:54:31] [WARN] Erro de rede/timeout na chamada de IA (tentativa 1/3): Failed to perform HTTP request.
[2026-10-07 22:55:18] [WARN] Erro de rede/timeout na chamada de IA (tentativa 2/3): Failed to perform HTTP request.
[2026-10-07 22:56:08] [WARN] Erro de rede/timeout na chamada de IA (tentativa 3/3): Failed to perform HTTP request.
[2026-10-07 22:56:08] [WARN] Fallback: provedor openrouter falhou, tentando próximo
[2026-10-07 22:57:16] [WARN] Erro de rede/timeout na chamada de IA (tentativa 1/3): Failed to perform HTTP request.
[2026-10-07 22:57:20] [WARN] Erro de rede/timeout na chamada de IA (tentativa 2/3): HTTP 429 Too Many Requests.
[2026-10-07 22:58:10] [WARN] Erro de rede/timeout na chamada de IA (tentativa 3/3): Failed to perform HTTP request.
[2026-10-07 22:58:10] [WARN] Fallback: provedor openrouter falhou, tentando próximo
[2026-10-07 23:00:23] [WARN] Erro de rede/timeout na chamada de IA (tentativa 1/3): Failed to perform HTTP request.
[2026-10-07 23:00:26] [WARN] Erro de rede/timeout na chamada de IA (tentativa 2/3): HTTP 429 Too Many Requests.
[2026-10-07 23:00:32] [WARN] Erro de rede/timeout na chamada de IA (tentativa 3/3): HTTP 429 Too Many Requests.
[2026-10-07 23:00:32] [WARN] Fallback: provedor openrouter falhou, tentando próximo
[2026-10-07 22:43:42] [WARN] Erro de execucao Playwright: too few arguments
[2026-10-07 22:43:54] [WARN] Erro de execucao Playwright: too few arguments
[2026-10-07 22:44:30] [WARN] Erro de execucao Playwright: too few arguments
[2026-10-07 22:44:52] [WARN] Erro de execucao Playwright: too few arguments
[2026-10-07 22:45:15] [WARN] Falha ao baixar PDF https://www.gov.br/governodigital/pt-br/privacidade-e-seguranca/ppsi/modelo_ppdp.pdf
[2026-10-07 22:45:35] [WARN] Ambiguidade de data: '11/08/2026'
[2026-10-07 22:45:35] [WARN] Ambiguidade de data: '11/08/2026'
[2026-10-07 22:45:38] [WARN] Aquisicao rejeitada para https://patronage.fapema.br/: login (página de login)
[2026-10-07 22:46:12] [WARN] Ambiguidade de data: '01/04/2025'
[2026-10-07 22:46:12] [WARN] Ambiguidade de data: '06/02/2025'
[2026-10-07 22:46:12] [WARN] Ambiguidade de data: '01/04/2025'
[2026-10-07 22:46:12] [WARN] Ambiguidade de data: '06/02/2025'
[2026-10-07 22:49:18] [WARN] Erro de rede/timeout na chamada de IA (tentativa 1/3): Failed to perform HTTP request.
[2026-10-07 22:49:47] [WARN] Erro de rede/timeout na chamada de IA (tentativa 1/3): HTTP 429 Too Many Requests.
[2026-10-07 22:50:46] [WARN] Erro de rede/timeout na chamada de IA (tentativa 1/3): HTTP 429 Too Many Requests.
[2026-10-07 22:51:34] [WARN] Erro de rede/timeout na chamada de IA (tentativa 2/3): Failed to perform HTTP request.
[2026-10-07 22:52:23] [WARN] Erro de rede/timeout na chamada de IA (tentativa 3/3): Failed to perform HTTP request.
[2026-10-07 22:52:23] [WARN] Fallback: provedor openrouter falhou, tentando próximo
[2026-10-07 22:54:02] [WARN] Erro de rede/timeout na chamada de IA (tentativa 1/3): HTTP 429 Too Many Requests.
[2026-10-07 22:54:50] [WARN] Erro de rede/timeout na chamada de IA (tentativa 2/3): Failed to perform HTTP request.
[2026-10-07 22:55:39] [WARN] Erro de rede/timeout na chamada de IA (tentativa 3/3): Failed to perform HTTP request.
[2026-10-07 22:55:39] [WARN] Fallback: provedor openrouter falhou, tentando próximo
[2026-10-07 22:56:25] [WARN] Erro de rede/timeout na chamada de IA (tentativa 1/3): Failed to perform HTTP request.
[2026-10-07 22:57:12] [WARN] Erro de rede/timeout na chamada de IA (tentativa 2/3): Failed to perform HTTP request.
[2026-10-07 22:58:02] [WARN] Erro de rede/timeout na chamada de IA (tentativa 3/3): Failed to perform HTTP request.
[2026-10-07 22:58:02] [WARN] Fallback: provedor openrouter falhou, tentando próximo
[2026-10-07 22:58:49] [WARN] Erro de rede/timeout na chamada de IA (tentativa 1/3): Failed to perform HTTP request.
[2026-10-07 23:00:33] [WARN] Erro de rede/timeout na chamada de IA (tentativa 1/3): HTTP 429 Too Many Requests.
[2026-10-07 23:00:35] [WARN] Erro de rede/timeout na chamada de IA (tentativa 2/3): HTTP 429 Too Many Requests.
[2026-10-07 23:00:40] [WARN] Erro de rede/timeout na chamada de IA (tentativa 3/3): HTTP 429 Too Many Requests.
[2026-10-07 23:00:40] [WARN] Fallback: provedor openrouter falhou, tentando próximo
[2026-10-07 23:00:41] [WARN] Erro de rede/timeout na chamada de IA (tentativa 1/3): HTTP 429 Too Many Requests.
[2026-10-07 23:00:44] [WARN] Erro de rede/timeout na chamada de IA (tentativa 2/3): HTTP 429 Too Many Requests.
[2026-10-07 23:00:49] [WARN] Erro de rede/timeout na chamada de IA (tentativa 3/3): HTTP 429 Too Many Requests.
[2026-10-07 23:00:49] [WARN] Fallback: provedor openrouter falhou, tentando próximo
[2026-10-07 23:01:27] [WARN] Erro de rede/timeout na chamada de IA (tentativa 1/3): HTTP 429 Too Many Requests.
[2026-10-07 23:01:30] [WARN] Erro de rede/timeout na chamada de IA (tentativa 2/3): HTTP 429 Too Many Requests.
[2026-10-07 23:01:35] [WARN] Erro de rede/timeout na chamada de IA (tentativa 3/3): HTTP 429 Too Many Requests.
[2026-10-07 23:01:35] [WARN] Fallback: provedor openrouter falhou, tentando próximo
[2026-10-07 23:01:36] [WARN] Erro de rede/timeout na chamada de IA (tentativa 1/3): HTTP 429 Too Many Requests.
[2026-10-07 23:01:39] [WARN] Erro de rede/timeout na chamada de IA (tentativa 2/3): HTTP 429 Too Many Requests.
[2026-10-07 23:01:44] [WARN] Erro de rede/timeout na chamada de IA (tentativa 3/3): HTTP 429 Too Many Requests.
[2026-10-07 23:01:44] [WARN] Fallback: provedor openrouter falhou, tentando próximo
[2026-10-07 23:01:44] [WARN] Erro de rede/timeout na chamada de IA (tentativa 1/3): HTTP 429 Too Many Requests.
[2026-10-07 23:01:48] [WARN] Erro de rede/timeout na chamada de IA (tentativa 2/3): HTTP 429 Too Many Requests.
[2026-10-07 23:02:39] [WARN] Erro de rede/timeout na chamada de IA (tentativa 1/3): HTTP 429 Too Many Requests.
[2026-10-07 23:02:48] [WARN] Erro de rede/timeout na chamada de IA (tentativa 1/3): HTTP 429 Too Many Requests.
[2026-10-07 23:03:48] [WARN] Erro de rede/timeout na chamada de IA (tentativa 1/3): HTTP 429 Too Many Requests.
[2026-10-07 23:03:51] [WARN] Erro de rede/timeout na chamada de IA (tentativa 2/3): HTTP 429 Too Many Requests.
[2026-10-07 23:04:41] [WARN] Erro de rede/timeout na chamada de IA (tentativa 3/3): Failed to perform HTTP request.
[2026-10-07 23:04:41] [WARN] Fallback: provedor openrouter falhou, tentando próximo
[2026-10-07 23:04:41] [WARN] Erro de rede/timeout na chamada de IA (tentativa 1/3): HTTP 429 Too Many Requests.
[2026-10-07 23:04:45] [WARN] Erro de rede/timeout na chamada de IA (tentativa 2/3): HTTP 429 Too Many Requests.
[2026-10-07 23:04:50] [WARN] Erro de rede/timeout na chamada de IA (tentativa 3/3): HTTP 429 Too Many Requests.
[2026-10-07 23:04:50] [WARN] Fallback: provedor openrouter falhou, tentando próximo
[2026-10-07 23:04:51] [WARN] Erro de rede/timeout na chamada de IA (tentativa 1/3): HTTP 429 Too Many Requests.
[2026-10-07 23:05:07] [WARN] Erro de rede/timeout na chamada de IA (tentativa 1/3): HTTP 429 Too Many Requests.
[2026-10-07 23:05:34] [WARN] Erro de rede/timeout na chamada de IA (tentativa 1/3): HTTP 429 Too Many Requests.
[2026-10-07 23:05:38] [WARN] Erro de rede/timeout na chamada de IA (tentativa 2/3): HTTP 429 Too Many Requests.
[2026-10-07 23:05:43] [WARN] Erro de rede/timeout na chamada de IA (tentativa 3/3): HTTP 429 Too Many Requests.
[2026-10-07 23:05:43] [WARN] Fallback: provedor openrouter falhou, tentando próximo
[2026-10-07 23:05:44] [WARN] Erro de rede/timeout na chamada de IA (tentativa 1/3): HTTP 429 Too Many Requests.
[2026-10-07 23:05:47] [WARN] Erro de rede/timeout na chamada de IA (tentativa 2/3): HTTP 429 Too Many Requests.
[2026-10-07 23:07:44] [WARN] Erro de rede/timeout na chamada de IA (tentativa 1/3): HTTP 429 Too Many Requests.
[2026-10-07 23:07:48] [WARN] Erro de rede/timeout na chamada de IA (tentativa 2/3): HTTP 429 Too Many Requests.
[2026-10-07 22:45:15] [INFO] Iniciando coleta SEBRAE & Edital de Inovação para a Indústria...
[SEBRAE][INFO] Iniciando coleta SEBRAE & Edital de Inovação para a Indústria...
[2026-10-07 22:45:15] [INFO] SEBRAE: 2 registros coletados.
[SEBRAE][INFO] SEBRAE: 2 registros coletados.
[2026-10-07 22:45:45] [WARN] Erro de rede/timeout na chamada de IA (tentativa 1/3): HTTP 429 Too Many Requests.
[2026-10-07 22:46:31] [WARN] Erro de execucao Playwright: too few arguments
[2026-10-07 22:47:37] [WARN] Erro de execucao Playwright: too few arguments
[2026-10-07 22:47:59] [WARN] Erro de execucao Playwright: too few arguments
[2026-10-07 22:48:16] [WARN] Erro de execucao Playwright: too few arguments
[2026-10-07 22:48:36] [WARN] Erro de execucao Playwright: too few arguments
[2026-10-07 22:48:47] [WARN] Erro de execucao Playwright: too few arguments
[2026-10-07 22:49:07] [WARN] Erro de execucao Playwright: too few arguments
[2026-10-07 22:49:21] [WARN] Erro de execucao Playwright: too few arguments
[2026-10-07 22:49:37] [WARN] Erro de execucao Playwright: too few arguments
[2026-10-07 22:49:40] [WARN] Aquisicao rejeitada para https://lis.softex.br/: empty (sem texto visível)
[2026-10-07 22:49:43] [WARN] Erro de execucao Playwright: too few arguments
[2026-10-07 22:49:57] [WARN] Erro de execucao Playwright: too few arguments
[2026-10-07 22:50:19] [WARN] Erro de execucao Playwright: too few arguments
[2026-10-07 22:50:36] [WARN] Erro de execucao Playwright: too few arguments
[2026-10-07 22:50:51] [WARN] Erro de execucao Playwright: too few arguments
[2026-10-07 22:50:58] [WARN] Erro de execucao Playwright: too few arguments
[2026-10-07 22:51:19] [WARN] Erro de execucao Playwright: too few arguments
[2026-10-07 22:51:35] [WARN] Erro de execucao Playwright: too few arguments
[2026-10-07 22:51:50] [WARN] Erro de execucao Playwright: too few arguments
[2026-10-07 22:51:59] [WARN] Erro de execucao Playwright: too few arguments
[2026-10-07 22:52:23] [WARN] Erro de execucao Playwright: too few arguments
[2026-10-07 22:52:35] [WARN] Erro de execucao Playwright: too few arguments
[2026-10-07 22:52:49] [WARN] Erro de execucao Playwright: too few arguments
[2026-10-07 22:53:28] [WARN] Erro de execucao Playwright: too few arguments
[2026-10-07 22:53:38] [WARN] Erro de execucao Playwright: too few arguments
[2026-10-07 22:53:53] [WARN] Erro de execucao Playwright: too few arguments
[2026-10-07 22:55:23] [WARN] Erro de rede/timeout na chamada de IA (tentativa 1/3): Failed to perform HTTP request.
[2026-10-07 22:56:11] [WARN] Erro de rede/timeout na chamada de IA (tentativa 2/3): Failed to perform HTTP request.
[2026-10-07 22:57:42] [WARN] Erro de rede/timeout na chamada de IA (tentativa 1/3): Failed to perform HTTP request.
[2026-10-07 22:57:46] [WARN] Erro de rede/timeout na chamada de IA (tentativa 2/3): HTTP 429 Too Many Requests.
[2026-10-07 22:58:35] [WARN] Erro de rede/timeout na chamada de IA (tentativa 3/3): Failed to perform HTTP request.
[2026-10-07 22:58:35] [WARN] Fallback: provedor openrouter falhou, tentando próximo
[2026-10-07 22:59:21] [WARN] Erro de rede/timeout na chamada de IA (tentativa 1/3): Failed to perform HTTP request.
[2026-10-07 23:00:06] [WARN] Erro de rede/timeout na chamada de IA (tentativa 1/3): HTTP 429 Too Many Requests.
[2026-10-07 23:00:28] [WARN] Erro de rede/timeout na chamada de IA (tentativa 1/3): HTTP 429 Too Many Requests.
[2026-10-07 23:00:32] [WARN] Erro de rede/timeout na chamada de IA (tentativa 2/3): HTTP 429 Too Many Requests.
[2026-10-07 23:00:37] [WARN] Erro de rede/timeout na chamada de IA (tentativa 3/3): HTTP 429 Too Many Requests.
[2026-10-07 23:00:37] [WARN] Fallback: provedor openrouter falhou, tentando próximo
[2026-10-07 23:00:37] [WARN] Erro de rede/timeout na chamada de IA (tentativa 1/3): HTTP 429 Too Many Requests.
[2026-10-07 23:00:41] [WARN] Erro de rede/timeout na chamada de IA (tentativa 2/3): HTTP 429 Too Many Requests.
[2026-10-07 23:00:46] [WARN] Erro de rede/timeout na chamada de IA (tentativa 3/3): HTTP 429 Too Many Requests.
[2026-10-07 23:00:46] [WARN] Fallback: provedor openrouter falhou, tentando próximo
[2026-10-07 22:46:39] [INFO] Iniciando coleta PNCP Governo Federal & Ministérios...
[PNCP_GOV][INFO] Iniciando coleta PNCP Governo Federal & Ministérios...
[2026-10-07 22:46:39] [INFO] PNCP Gov: 0 registros coletados.
[PNCP_GOV][INFO] PNCP Gov: 0 registros coletados.
[2026-10-07 23:08:24] [INFO] Fonte em processamento: cnpq | https://www.gov.br/cnpq/pt-br/chamadas/abertas-para-submissao
[2026-10-07 23:08:27] [INFO] [cnpq] sucesso: 4 registro(s) processado(s)
[2026-10-07 23:08:28] [INFO] Fonte em processamento: capes | https://www.gov.br/capes/pt-br/assuntos/editais-e-resultados-capes
[2026-10-07 23:08:29] [WARN] data_inconsistente: titulo 'Portaria CAPES Nº 289, DE 28 DE DEZEMBRO DE 2018' | data_limite 2026-06-02 | fonte capes
[2026-10-07 23:08:29] [WARN] data_inconsistente: titulo 'Edital nº 24/2026 - Cooperação entre Instituições para Qualificação de Profissio' | data_limite 2023-06-26 | fonte capes
[2026-10-07 23:08:33] [INFO] [capes] sucesso: 13 registro(s) processado(s)
[2026-10-07 23:08:34] [INFO] Fonte em processamento: finep | https://www.finep.gov.br/o/c/chamadapublicas?sort=dataDePublicacao:desc&pageSize=250
[2026-10-07 23:08:36] [INFO] [finep] sucesso: 32 registro(s) processado(s)
[2026-10-07 23:08:37] [INFO] Fonte em processamento: fapesb | https://www.fapesb.ba.gov.br/category/edital/aberto/
[2026-10-07 23:08:37] [WARN] data_inconsistente: titulo 'DIRETRIZES ESPECÍFICAS DA FAPESB – CHAMADA BIODIVERSA + "BIODIVFUTURE 2026 – 202' | data_limite 2028-04-01 | fonte fapesb
[2026-10-07 23:08:38] [INFO] [fapesb] sucesso: 16 registro(s) processado(s)
[2026-10-07 23:08:39] [INFO] Fonte em processamento: horizon_europe | https://api.tech.ec.europa.eu/search-api/prod/rest/search?apiKey=SEDIA
[2026-10-07 23:08:40] [INFO] Traduzindo 8 registros para pt-br via Google Translate...
Google Translate is unavailable: cannot open the connection
Google Translate is unavailable: cannot open the connection
Google Translate is unavailable: cannot open the connection
Google Translate is unavailable: cannot open the connection
Google Translate is unavailable: cannot open the connection
Google Translate is unavailable: cannot open the connection
Google Translate is unavailable: cannot open the connection
Google Translate is unavailable: cannot open the connection
[2026-10-07 23:08:50] [INFO] Traducao concluida. 0/8 registros traduzidos com sucesso (8 falhas).
[2026-10-07 23:08:50] [INFO] [horizon_europe] sucesso: 8 registro(s) processado(s)
[2026-10-07 23:08:51] [INFO] Fonte em processamento: erc | https://api.tech.ec.europa.eu/search-api/prod/rest/search?apiKey=SEDIA&text=ERC
[2026-10-07 23:08:52] [WARN] [erc] erro: Nenhuma pagina consultada e nenhum registro: coleta nao realizada (nao e sucesso).
[2026-10-07 23:08:53] [INFO] Fonte em processamento: sigitec | https://sigitec-competitividade.petrobras.com.br/v2/public/opportunities
[2026-10-07 23:08:53] [INFO] [sigitec] sucesso: 50 registro(s) processado(s) (TRUNCADO por max_records). 557 oportunidade(s) SIGITEC no listing; 50 processada(s) (TRUNCADO: 507 omitida(s) por max_records, ativas priorizadas); 17 aberta(s) para submissão (derivado); 0 código(s) de status desconhecido; 0 falha(s) de detalhe.
[2026-10-07 23:08:54] [INFO] Fonte em processamento: undp | https://www.undp.org/pt/brazil/licitacoes
[2026-10-07 23:08:55] [INFO] [undp] sucesso: 2 registro(s) processado(s)
[2026-10-07 23:08:56] [INFO] Fonte em processamento: embrapii | https://embrapii.org.br/transparencia/
[2026-10-07 23:08:58] [INFO] [embrapii] sucesso: 14 registro(s) processado(s)
[2026-10-07 23:08:59] [INFO] Fonte em processamento: daad | https://www.daad-brasil.org/pt/bolsas/busca/
[2026-10-07 23:09:00] [INFO] [daad] sucesso: 14 registro(s) processado(s)
[2026-10-07 23:09:01] [INFO] Fonte em processamento: quantum | https://api.tech.ec.europa.eu/search-api/prod/rest/search?apiKey=SEDIA&text=quantum
[2026-10-07 23:09:01] [INFO] [quantum] sucesso: 4 registro(s) processado(s)
[2026-10-07 23:09:02] [INFO] Fonte em processamento: humboldt | https://www.humboldt-foundation.de/en/apply/sponsorship-programmes/programmes-a-to-z
[2026-10-07 23:09:03] [INFO] [humboldt] sucesso: 14 registro(s) processado(s)
[2026-10-07 23:09:04] [INFO] Fonte em processamento: grants_gov | https://simpler.grants.gov/search
[2026-10-07 23:09:05] [WARN] data_inconsistente: titulo 'Opportunity Listing - FYs 2024 through 2026 - Promoting Resilient Operations for' | data_limite 2026-12-07 | fonte grants_gov
[2026-10-07 23:09:06] [INFO] [grants_gov] sucesso: 13 registro(s) processado(s)
[2026-10-07 23:09:07] [INFO] Fonte em processamento: doe_ascr | https://science.osti.gov/ascr/Funding-Opportunities
[2026-10-07 23:09:08] [INFO] [doe_ascr] sucesso: 2 registro(s) processado(s)
[2026-10-07 23:09:09] [INFO] Fonte em processamento: nsf_international | https://www.nsf.gov/oise/international-collaborations
[2026-10-07 23:09:10] [INFO] [nsf_international] sucesso: 28 registro(s) processado(s) (TRUNCADO por max_records). 153 candidato(s) avaliado(s); 50 valido(s); TRUNCADO por max_records.
[2026-10-07 23:09:11] [INFO] Fonte em processamento: nsf_qise | https://www.nsf.gov/funding/opportunities/dcl-international-collaboration-supplements-quantum-information
[2026-10-07 23:09:12] [INFO] [nsf_qise] sucesso: 1 registro(s) processado(s)
[2026-10-07 23:09:13] [INFO] Fonte em processamento: nsf_cise | https://www.nsf.gov/funding/find-by-directorate
[2026-10-07 23:09:13] [INFO] [nsf_cise] sucesso: 1 registro(s) processado(s)
[2026-10-07 23:09:14] [INFO] Fonte em processamento: doe_quantum_genesis | https://www.energy.gov/science/articles/energy-department-announces-initiative-create-and-deploy-worlds-first
[2026-10-07 23:09:15] [INFO] [doe_quantum_genesis] sucesso: 5 registro(s) processado(s)
[2026-10-07 23:09:16] [INFO] Fonte em processamento: doe_genesis | https://www.energy.gov/genesis
[2026-10-07 23:09:16] [WARN] [doe_genesis] parcial: Persistencia parcial: 1 de 6 registro(s) gravados.
[2026-10-07 23:09:17] [INFO] Fonte em processamento: nsf_nqni | https://www.nsf.gov/funding/opportunities/nqni-national-quantum-nanotechnology-infrastructure/nsf26-505/solicitation
[2026-10-07 23:09:18] [INFO] [nsf_nqni] sucesso: 1 registro(s) processado(s)
[2026-10-07 23:09:19] [INFO] Fonte em processamento: darpa_quantum_benchmarking | https://www.darpa.mil/research/programs/quantum-benchmarking-initiative
[2026-10-07 23:09:19] [INFO] [darpa_quantum_benchmarking] sucesso: 2 registro(s) processado(s)
[2026-10-07 23:09:20] [INFO] Fonte em processamento: aeb | https://www.gov.br/aeb/pt-br/acesso-a-informacao/concurso-e-processos-seletivos
[2026-10-07 23:09:20] [INFO] [aeb] sucesso: 0 registro(s) processado(s). 1 item(ns) de processos seletivos; 1 concurso(s) de cargo excluidos; 1 detalhe(s), 0 falha(s).
[2026-10-07 23:09:21] [INFO] Fonte em processamento: finep_aero | https://www.finep.gov.br/oportunidades
[2026-10-07 23:09:21] [INFO] [finep_aero] sucesso: 2 registro(s) processado(s)
[2026-10-07 23:09:22] [INFO] Fonte em processamento: fab_dcta | https://ieav.dcta.mil.br/index.php/editais
[2026-10-07 23:09:23] [INFO] [fab_dcta] sucesso: 9 registro(s) processado(s). 9 chamada(s) IEAv/DCTA; 9 detalhe(s) consultado(s), 0 indisponível(is). Chamadas sem detalhe/prazo ficam 'a verificar'.
[2026-10-07 23:09:24] [INFO] Fonte em processamento: bnb_fundeci | https://www.bnb.gov.br/fundeci/editais
[2026-10-07 23:09:24] [INFO] [bnb_fundeci] sucesso: 14 registro(s) processado(s). 14 edital(is) FUNDECI; 0 com inscrição aberta (derivado); 2 detalhe(s) consultado(s), 0 falha(s).
[2026-10-07 23:09:25] [INFO] Fonte em processamento: codevasf | https://www.codevasf.gov.br/acesso-a-informacao/licitacoes-e-editais
[2026-10-07 23:09:25] [INFO] [codevasf] sucesso: 1 registro(s) processado(s)
[2026-10-07 23:09:26] [INFO] Fonte em processamento: embrapa | https://www.embrapa.br/acessoainformacao/editais
[2026-10-07 23:09:26] [INFO] [embrapa] vazio: Vazio confirmado: 0 oportunidades validas. Pagina oficial lista licitacoes administrativas: 50 item(ns) avaliados, 0 no escopo de fomento a pesquisa. Nenhuma URL alternativa foi assumida; procurar secao oficial de pesquisa/cooperacao/inovacao.
[2026-10-07 23:09:27] [INFO] Fonte em processamento: sudene | https://pncp.gov.br/app/editais?q=533014&status=todos&pagina=1&tam_pagina=100&tipos=1
[2026-10-07 23:09:27] [INFO] [sudene] sucesso: 1 registro(s) processado(s)
[2026-10-07 23:09:28] [INFO] Fonte em processamento: neh | https://www.neh.gov/grants
[2026-10-07 23:09:29] [INFO] [neh] sucesso: 1 registro(s) processado(s)
[2026-10-07 23:09:30] [INFO] Fonte em processamento: bndes | https://www.bndes.gov.br/wps/portal/site/home/transparencia/licitacoes-contratos/licitacoes/
[2026-10-07 23:09:30] [INFO] [bndes] sucesso: 4 registro(s) processado(s). 4 chamada(s) de inovação/CPSI. Consulta estruturada de licitações (Dados Abertos BNDES) pendente de adaptador.
[2026-10-07 23:09:31] [INFO] Fonte em processamento: esa_solutions | https://business.esa.int/funding
[2026-10-07 23:09:31] [ERROR] Falha na fonte esa_solutions: Erro ao carregar a pagina inicial: https://business.esa.int/funding (network_error)
[2026-10-07 23:09:31] [INFO] Fonte em processamento: nasa_sbir | https://sbir.nasa.gov/solicitations
[2026-10-07 23:09:31] [INFO] [nasa_sbir] sucesso: 6 registro(s) processado(s). 19 candidato(s) avaliado(s); 19 valido(s).
[2026-10-07 23:09:32] [INFO] Fonte em processamento: fapema | https://www.fapema.br/editais/
[2026-10-07 23:09:33] [INFO] [fapema] sucesso: 18 registro(s) processado(s) (TRUNCADO por max_records). 54 candidato(s) avaliado(s); 50 valido(s); TRUNCADO por max_records.
[2026-10-07 23:09:34] [INFO] Fonte em processamento: transferegov | https://www.gov.br/transferegov/pt-br
[2026-10-07 23:09:34] [WARN] [transferegov] erro: [erro_parser] Nenhum candidato extraido: contrato da pagina nao reconhecido (nao e vazio confirmado).
[2026-10-07 23:09:35] [INFO] Fonte em processamento: bnb_hubine | https://www.bnb.gov.br/hub-de-inovacao
[2026-10-07 23:09:35] [INFO] [bnb_hubine] vazio: Vazio confirmado: 0 oportunidades validas. 2 pagina(s) do Hubine analisadas (conteudo principal); 0 selecao(oes) concreta(s) com documento; 0 falha(s) de acesso. Paginas institucionais nao sao persistidas.
[2026-10-07 23:09:36] [INFO] Fonte em processamento: sebrae | https://sebrae.com.br/sites/PortalSebrae/canais_adicionais/conheca_editais
[2026-10-07 23:09:37] [INFO] [sebrae] sucesso: 1 registro(s) processado(s)
[2026-10-07 23:09:38] [INFO] Fonte em processamento: softex | https://softex.br/editais/
[2026-10-07 23:09:38] [INFO] [softex] sucesso: 2 registro(s) processado(s). 23 candidato(s) avaliado(s); 23 valido(s).
[2026-10-07 23:09:39] [INFO] Fonte em processamento: pncp_gov | https://pncp.gov.br/api/consulta/v1/contratacoes/publicas
[2026-10-07 23:09:39] [INFO] [pncp_gov] vazio: 0 registros apos a validacao (coletor sem contrato de diagnostico).
[2026-10-07 23:09:39] [INFO] Fim da coleta oficial. 37 fontes processadas. 284 registros adicionados nesta rodada. 282 registros na base.
There were 41 warnings (use warnings() to see them)
